"2017-01-01":"3194U":"MADRID, CIUDAD UNIVERSITARIA":"MADRID":"664":"0,0"
"2017-01-02":"3194U":"MADRID, CIUDAD UNIVERSITARIA":"MADRID":"664":"0,0"
"2017-01-03":"3194U":"MADRID, CIUDAD UNIVERSITARIA":"MADRID":"664":"0,0"
"2017-01-04":"3194U":"MADRID, CIUDAD UNIVERSITARIA":"MADRID":"664":"0,0"
"2017-01-05":"3194U":"MADRID, CIUDAD UNIVERSITARIA":"MADRID":"664":"0,0"
"2017-01-06":"3194U":"MADRID, CIUDAD UNIVERSITARIA":"MADRID":"664":"0,0"
"2017-01-07":"3194U":"MADRID, CIUDAD UNIVERSITARIA":"MADRID":"664":"4,3":"0,0":"-3,8":"06:40":"12,4":"15:20"
"2017-01-08":"3194U":"MADRID, CIUDAD UNIVERSITARIA":"MADRID":"664":"5,2":"0,0":"-3,6":"07:00":"14,0":"14:50"
"2017-01-09":"3194U":"MADRID, CIUDAD UNIVERSITARIA":"MADRID":"664":"5,1":"0,0":"-3,0":"07:00":"13,2":"15:40"
"2017-01-10":"3194U":"MADRID, CIUDAD UNIVERSITARIA":"MADRID":"664":"6,8":"0,0":"0,9":"01:00":"12,8":"13:50"
"2017-01-11":"3194U":"MADRID, CIUDAD UNIVERSITARIA":"MADRID":"664":"10,3":"0,0":"2,8":"01:50":"17,8":"14:40"
"2017-01-12":"3194U":"MADRID, CIUDAD UNIVERSITARIA":"MADRID":"664":"7,2":"0,0":"1,0":"08:00":"13,5":"12:50"
"2017-01-13":"3194U":"MADRID, CIUDAD UNIVERSITARIA":"MADRID":"664":"6,0":"0,0":"0,7":"23:59":"11,4":"12:20"
"2017-01-14":"3194U":"MADRID, CIUDAD UNIVERSITARIA":"MADRID":"664":"3,8":"0,0":"-2,1":"07:00":"9,7":"12:40"
"2017-01-15":"3194U":"MADRID, CIUDAD UNIVERSITARIA":"MADRID":"664":"5,4":"0,0":"-0,7":"00:40":"11,4":"13:50"
"2017-01-16":"3194U":"MADRID, CIUDAD UNIVERSITARIA":"MADRID":"664":"5,8":"0,0":"-0,7":"06:00":"12,4":"14:00"
"2017-01-17":"3194U":"MADRID, CIUDAD UNIVERSITARIA":"MADRID":"664":"5,2":"0,0":"-2,0":"23:59":"12,4":"12:20"
"2017-01-18":"3194U":"MADRID, CIUDAD UNIVERSITARIA":"MADRID":"664":"1,4":"0,0":"-3,2":"06:00":"6,0":"14:10"
"2017-01-19":"3194U":"MADRID, CIUDAD UNIVERSITARIA":"MADRID":"664":"2,4":"0,0":"-2,6":"04:50":"7,3":"13:50"
"2017-01-20":"3194U":"MADRID, CIUDAD UNIVERSITARIA":"MADRID":"664":"5,3":"0,0":"3,0":"07:00":"7,6":"13:00"
"2017-01-21":"3194U":"MADRID, CIUDAD UNIVERSITARIA":"MADRID":"664":"5,8":"0,0":"-0,1":"23:59":"11,7":"13:50"
"2017-01-22":"3194U":"MADRID, CIUDAD UNIVERSITARIA":"MADRID":"664":"4,0":"0,0":"-2,8":"08:00":"10,7":"13:10"
"2017-01-23":"3194U":"MADRID, CIUDAD UNIVERSITARIA":"MADRID":"664":"5,8":"0,0":"-1,8":"03:00":"13,3":"14:20"
"2017-01-24":"3194U":"MADRID, CIUDAD UNIVERSITARIA":"MADRID":"664":"5,5":"0,0":"-3,4":"06:40":"14,4":"14:50"
"2017-01-25":"3194U":"MADRID, CIUDAD UNIVERSITARIA":"MADRID":"664":"3,7":"0,0":"-4,2":"08:10":"11,6":"15:30"
"2017-01-26":"3194U":"MADRID, CIUDAD UNIVERSITARIA":"MADRID":"664":"2,0":"12,7":"-4,4":"06:00":"8,3":"15:20"
"2017-01-27":"3194U":"MADRID, CIUDAD UNIVERSITARIA":"MADRID":"664":"4,7":"6,5":"2,4":"23:30":"7,0":"16:00"
"2017-01-28":"3194U":"MADRID, CIUDAD UNIVERSITARIA":"MADRID":"664":"7,0":"0,0":"3,3":"07:30":"10,6":"15:00"
"2017-01-29":"3194U":"MADRID, CIUDAD UNIVERSITARIA":"MADRID":"664":"5,8":"1,2":"3,1":"07:20":"8,5":"23:59"
"2017-01-30":"3194U":"MADRID, CIUDAD UNIVERSITARIA":"MADRID":"664":"9,7":"0,0":"8,2":"08:00":"11,2":"15:00"
"2017-01-31":"3194U":"MADRID, CIUDAD UNIVERSITARIA":"MADRID":"664":"9,8":"0,0":"5,3":"23:59":"14,3":"15:10"
"2017-02-01":"3194U":"MADRID, CIUDAD UNIVERSITARIA":"MADRID":"664":"6,9":"5,3":"3,0":"06:10":"10,8":"14:40"
"2017-02-02":"3194U":"MADRID, CIUDAD UNIVERSITARIA":"MADRID":"664":"9,0":"2,9":"5,9":"20:00":"12,1":"15:50"
"2017-02-03":"3194U":"MADRID, CIUDAD UNIVERSITARIA":"MADRID":"664":"8,9":"0,3":"6,3":"01:00":"11,5":"12:40"
"2017-02-04":"3194U":"MADRID, CIUDAD UNIVERSITARIA":"MADRID":"664":"11,4":"4,4":"9,1":"04:00":"13,6":"14:20"
"2017-02-05":"3194U":"MADRID, CIUDAD UNIVERSITARIA":"MADRID":"664":"6,8":"0,1":"3,2":"07:40":"10,5":"01:20"
"2017-02-06":"3194U":"MADRID, CIUDAD UNIVERSITARIA":"MADRID":"664":"10,8":"0,0":"5,7":"02:30":"16,0":"15:50"
"2017-02-07":"3194U":"MADRID, CIUDAD UNIVERSITARIA":"MADRID":"664":"9,1":"1,2":"5,6":"07:30":"12,6":"12:30"
"2017-02-08":"3194U":"MADRID, CIUDAD UNIVERSITARIA":"MADRID":"664":"5,4":"0,0":"0,2":"23:59":"10,5":"13:50"
"2017-02-09":"3194U":"MADRID, CIUDAD UNIVERSITARIA":"MADRID":"664":"4,4":"0,0":"-1,7":"05:20":"10,5":"14:50"
"2017-02-10":"3194U":"MADRID, CIUDAD UNIVERSITARIA":"MADRID":"664":"2,7":"4,8":"-0,1":"05:30":"5,5":"14:00"
"2017-02-11":"3194U":"MADRID, CIUDAD UNIVERSITARIA":"MADRID":"664":"5,2":"12,0":"3,8":"08:50":"6,7":"23:59"
"2017-02-12":"3194U":"MADRID, CIUDAD UNIVERSITARIA":"MADRID":"664":"8,6":"18,7":"6,0":"02:00":"11,2":"18:20"
"2017-02-13":"3194U":"MADRID, CIUDAD UNIVERSITARIA":"MADRID":"664":"8,6":"0,2":"4,6":"23:59":"12,5":"14:00"
"2017-02-14":"3194U":"MADRID, CIUDAD UNIVERSITARIA":"MADRID":"664":"0,0"
"2017-02-15":"3194U":"MADRID, CIUDAD UNIVERSITARIA":"MADRID":"664":"0,0"
"2017-02-16":"3194U":"MADRID, CIUDAD UNIVERSITARIA":"MADRID":"664":"0,0"
"2017-02-17":"3194U":"MADRID, CIUDAD UNIVERSITARIA":"MADRID":"664":"0,0"
"2017-02-18":"3194U":"MADRID, CIUDAD UNIVERSITARIA":"MADRID":"664":"0,0"
"2017-02-19":"3194U":"MADRID, CIUDAD UNIVERSITARIA":"MADRID":"664":"9,4":"0,0":"4,8":"01:20":"14,0":"15:00"
"2017-02-20":"3194U":"MADRID, CIUDAD UNIVERSITARIA":"MADRID":"664":"8,4":"0,0":"2,3":"03:40":"14,5":"14:40"
"2017-02-21":"3194U":"MADRID, CIUDAD UNIVERSITARIA":"MADRID":"664":"8,0":"0,0":"-0,5":"07:20":"16,4":"15:40"
"2017-02-22":"3194U":"MADRID, CIUDAD UNIVERSITARIA":"MADRID":"664":"10,6":"0,0":"2,1":"06:50":"19,1":"15:00"
"2017-02-23":"3194U":"MADRID, CIUDAD UNIVERSITARIA":"MADRID":"664":"10,8":"1,1":"6,7":"07:30":"14,9":"14:00"
"2017-02-24":"3194U":"MADRID, CIUDAD UNIVERSITARIA":"MADRID":"664":"11,8":"0,0":"6,2":"23:59":"17,3":"16:00"
"2017-02-25":"3194U":"MADRID, CIUDAD UNIVERSITARIA":"MADRID":"664":"9,1":"0,0":"0,5":"07:00":"17,7":"15:50"
"2017-02-26":"3194U":"MADRID, CIUDAD UNIVERSITARIA":"MADRID":"664":"8,3":"0,0":"1,8":"07:00":"14,8":"15:00"
"2017-02-27":"3194U":"MADRID, CIUDAD UNIVERSITARIA":"MADRID":"664":"9,8":"0,0":"6,5":"03:00":"13,2":"13:50"
"2017-02-28":"3194U":"MADRID, CIUDAD UNIVERSITARIA":"MADRID":"664":"9,4":"0,0":"6,2":"07:00":"12,5":"12:50"
"2017-03-01":"3194U":"MADRID, CIUDAD UNIVERSITARIA":"MADRID":"664":"10,0":"0,0":"3,7":"07:30":"16,4":"15:50"
"2017-03-02":"3194U":"MADRID, CIUDAD UNIVERSITARIA":"MADRID":"664":"9,2":"0,0":"2,3":"07:00":"16,1":"16:10"
"2017-03-03":"3194U":"MADRID, CIUDAD UNIVERSITARIA":"MADRID":"664":"7,0":"2,6":"2,7":"21:10":"11,3":"11:00"
"2017-03-04":"3194U":"MADRID, CIUDAD UNIVERSITARIA":"MADRID":"664":"4,6":"0,0":"0,0":"07:00":"9,2":"15:10"
"2017-03-05":"3194U":"MADRID, CIUDAD UNIVERSITARIA":"MADRID":"664":"7,9":"0,0":"3,9":"00:10":"11,9":"15:30"
"2017-03-06":"3194U":"MADRID, CIUDAD UNIVERSITARIA":"MADRID":"664":"13,7":"0,0":"8,6":"05:00":"18,8":"13:50"
"2017-03-07":"3194U":"MADRID, CIUDAD UNIVERSITARIA":"MADRID":"664":"14,2":"0,0":"8,2":"06:30":"20,1":"15:00"
"2017-03-08":"3194U":"MADRID, CIUDAD UNIVERSITARIA":"MADRID":"664":"12,9":"0,0":"3,6":"06:00":"22,2":"15:50"
"2017-03-09":"3194U":"MADRID, CIUDAD UNIVERSITARIA":"MADRID":"664":"14,8":"0,0":"4,1":"07:00":"25,4":"15:40"
"2017-03-10":"3194U":"MADRID, CIUDAD UNIVERSITARIA":"MADRID":"664":"15,6":"0,0":"4,7":"07:00":"26,4":"14:50"
"2017-03-11":"3194U":"MADRID, CIUDAD UNIVERSITARIA":"MADRID":"664":"14,1":"0,0":"5,4":"07:00":"22,8":"13:10"
"2017-03-12":"3194U":"MADRID, CIUDAD UNIVERSITARIA":"MADRID":"664":"12,4":"0,0":"6,0":"23:40":"18,8":"12:20"
"2017-03-13":"3194U":"MADRID, CIUDAD UNIVERSITARIA":"MADRID":"664":"10,8":"0,0":"6,3":"01:00":"15,3":"13:50"
"2017-03-14":"3194U":"MADRID, CIUDAD UNIVERSITARIA":"MADRID":"664":"14,5":"0,0":"9,4":"06:40":"19,6":"16:00"
"2017-03-15":"3194U":"MADRID, CIUDAD UNIVERSITARIA":"MADRID":"664":"13,8":"0,0":"7,1":"05:20":"20,6":"16:00"
"2017-03-16":"3194U":"MADRID, CIUDAD UNIVERSITARIA":"MADRID":"664":"11,2":"0,0":"3,4":"07:00":"18,9":"14:50"
"2017-03-17":"3194U":"MADRID, CIUDAD UNIVERSITARIA":"MADRID":"664":"10,6":"0,0":"1,8":"06:00":"19,3":"15:00"
"2017-03-18":"3194U":"MADRID, CIUDAD UNIVERSITARIA":"MADRID":"664":"11,4":"0,0":"1,7":"06:50":"21,1":"16:00"
"2017-03-19":"3194U":"MADRID, CIUDAD UNIVERSITARIA":"MADRID":"664":"13,2":"0,0":"2,9":"06:50":"23,5":"16:10"
"2017-03-20":"3194U":"MADRID, CIUDAD UNIVERSITARIA":"MADRID":"664":"15,7":"0,0":"6,6":"03:40":"24,8":"15:20"
"2017-03-21":"3194U":"MADRID, CIUDAD UNIVERSITARIA":"MADRID":"664":"11,8":"0,0":"6,9":"05:40":"16,7":"16:10"
"2017-03-22":"3194U":"MADRID, CIUDAD UNIVERSITARIA":"MADRID":"664":"7,0":"2,7":"1,7":"23:50":"12,3":"14:20"
"2017-03-23":"3194U":"MADRID, CIUDAD UNIVERSITARIA":"MADRID":"664":"1,6":"4,7":"-1,6":"06:20":"4,9":"18:00"
"2017-03-24":"3194U":"MADRID, CIUDAD UNIVERSITARIA":"MADRID":"664":"5,0":"2,2":"0,3":"Varias":"9,7":"13:40"
"2017-03-25":"3194U":"MADRID, CIUDAD UNIVERSITARIA":"MADRID":"664":"4,3":"1,7":"-1,0":"04:00":"9,6":"15:20"
"2017-03-26":"3194U":"MADRID, CIUDAD UNIVERSITARIA":"MADRID":"664":"10,1":"2,8":"5,5":"04:00":"14,7":"16:40"
"2017-03-27":"3194U":"MADRID, CIUDAD UNIVERSITARIA":"MADRID":"664":"10,0":"0,0":"5,8":"06:40":"14,3":"15:40"
"2017-03-28":"3194U":"MADRID, CIUDAD UNIVERSITARIA":"MADRID":"664":"12,0":"0,0":"6,3":"23:59":"17,7":"15:30"
"2017-03-29":"3194U":"MADRID, CIUDAD UNIVERSITARIA":"MADRID":"664":"11,4":"0,0":"2,9":"06:00":"20,0":"15:20"
"2017-03-30":"3194U":"MADRID, CIUDAD UNIVERSITARIA":"MADRID":"664":"12,4":"0,0":"4,1":"06:00":"20,6":"14:10"
"2017-03-31":"3194U":"MADRID, CIUDAD UNIVERSITARIA":"MADRID":"664":"14,2":"0,0":"9,1":"23:40":"19,3":"13:30"
"2017-04-01":"3194U":"MADRID, CIUDAD UNIVERSITARIA":"MADRID":"664":"12,2":"0,0":"6,8":"05:30":"17,6":"15:40"
"2017-04-02":"3194U":"MADRID, CIUDAD UNIVERSITARIA":"MADRID":"664":"11,2":"0,0":"3,7":"06:40":"18,7":"15:10"
"2017-04-03":"3194U":"MADRID, CIUDAD UNIVERSITARIA":"MADRID":"664":"10,8":"0,0":"2,7":"06:40":"18,8":"16:00"
"2017-04-04":"3194U":"MADRID, CIUDAD UNIVERSITARIA":"MADRID":"664":"12,5":"0,0":"2,6":"05:40":"22,4":"15:40"
"2017-04-05":"3194U":"MADRID, CIUDAD UNIVERSITARIA":"MADRID":"664":"12,4":"0,0":"6,4":"06:30":"18,5":"16:00"
"2017-04-06":"3194U":"MADRID, CIUDAD UNIVERSITARIA":"MADRID":"664":"13,8":"0,0":"6,0":"05:20":"21,7":"16:10"
"2017-04-07":"3194U":"MADRID, CIUDAD UNIVERSITARIA":"MADRID":"664":"15,0":"0,0":"6,8":"06:50":"23,1":"16:20"
"2017-04-08":"3194U":"MADRID, CIUDAD UNIVERSITARIA":"MADRID":"664":"14,2":"0,0":"4,8":"06:40":"23,5":"16:00"
"2017-04-09":"3194U":"MADRID, CIUDAD UNIVERSITARIA":"MADRID":"664":"14,2":"0,0":"5,4":"06:20":"23,0":"15:00"
"2017-04-10":"3194U":"MADRID, CIUDAD UNIVERSITARIA":"MADRID":"664":"15,8":"0,0":"6,5":"06:30":"25,0":"15:30"
"2017-04-11":"3194U":"MADRID, CIUDAD UNIVERSITARIA":"MADRID":"664":"17,8":"0,0":"7,8":"06:30":"27,8":"14:00"
"2017-04-12":"3194U":"MADRID, CIUDAD UNIVERSITARIA":"MADRID":"664":"18,1":"0,0":"7,2":"Varias":"29,0":"15:10"
"2017-04-13":"3194U":"MADRID, CIUDAD UNIVERSITARIA":"MADRID":"664":"18,5":"0,0":"9,0":"06:00":"28,0":"13:50"
"2017-04-14":"3194U":"MADRID, CIUDAD UNIVERSITARIA":"MADRID":"664":"17,6":"0,0":"9,8":"06:00":"25,5":"14:50"
"2017-04-15":"3194U":"MADRID, CIUDAD UNIVERSITARIA":"MADRID":"664":"19,0":"0,0":"10,9":"06:00":"27,1":"14:20"
"2017-04-16":"3194U":"MADRID, CIUDAD UNIVERSITARIA":"MADRID":"664":"17,9":"0,0":"9,2":"06:00":"26,6":"14:20"
"2017-04-17":"3194U":"MADRID, CIUDAD UNIVERSITARIA":"MADRID":"664":"18,0":"0,0":"7,6":"06:00":"28,3":"14:30"
"2017-04-18":"3194U":"MADRID, CIUDAD UNIVERSITARIA":"MADRID":"664":"20,8":"0,0":"13,1":"04:00":"28,5":"15:00"
"2017-04-19":"3194U":"MADRID, CIUDAD UNIVERSITARIA":"MADRID":"664":"17,3":"2,0":"12,0":"23:50":"22,6":"14:30"
"2017-04-20":"3194U":"MADRID, CIUDAD UNIVERSITARIA":"MADRID":"664":"14,1":"0,0":"9,0":"23:59":"19,2":"14:50"
"2017-04-21":"3194U":"MADRID, CIUDAD UNIVERSITARIA":"MADRID":"664":"12,5":"0,0":"3,1":"06:20":"21,9":"15:50"
"2017-04-22":"3194U":"MADRID, CIUDAD UNIVERSITARIA":"MADRID":"664":"11,9":"0,0":"3,5":"06:00":"20,3":"15:40"
"2017-04-23":"3194U":"MADRID, CIUDAD UNIVERSITARIA":"MADRID":"664":"15,8":"0,0":"6,1":"06:00":"25,6":"15:20"
"2017-04-24":"3194U":"MADRID, CIUDAD UNIVERSITARIA":"MADRID":"664":"18,4":"3,1":"9,7":"06:00":"27,2":"15:20"
"2017-04-25":"3194U":"MADRID, CIUDAD UNIVERSITARIA":"MADRID":"664":"17,9":"0,0":"11,5":"02:10":"24,3":"13:50"
"2017-04-26":"3194U":"MADRID, CIUDAD UNIVERSITARIA":"MADRID":"664":"13,6":"1,3":"6,2":"23:59":"21,1":"14:00"
"2017-04-27":"3194U":"MADRID, CIUDAD UNIVERSITARIA":"MADRID":"664":"9,2":"0,0":"2,9":"05:40":"15,6":"14:20"
"2017-04-28":"3194U":"MADRID, CIUDAD UNIVERSITARIA":"MADRID":"664":"10,5":"1,8":"2,9":"05:00":"18,1":"15:20"
"2017-04-29":"3194U":"MADRID, CIUDAD UNIVERSITARIA":"MADRID":"664":"9,7":"2,6":"7,6":"06:00":"11,8":"16:40"
"2017-04-30":"3194U":"MADRID, CIUDAD UNIVERSITARIA":"MADRID":"664":"10,1":"2,4":"5,9":"23:59":"14,3":"15:20"
"2017-05-01":"3194U":"MADRID, CIUDAD UNIVERSITARIA":"MADRID":"664":"11,2":"0,0":"2,9":"05:50":"19,6":"16:50"
"2017-05-02":"3194U":"MADRID, CIUDAD UNIVERSITARIA":"MADRID":"664":"15,5":"0,0":"6,3":"03:00":"24,7":"14:30"
"2017-05-03":"3194U":"MADRID, CIUDAD UNIVERSITARIA":"MADRID":"664":"18,8":"0,0":"10,7":"05:00":"26,8":"14:20"
"2017-05-04":"3194U":"MADRID, CIUDAD UNIVERSITARIA":"MADRID":"664":"18,7":"0,0":"11,3":"03:50":"26,1":"15:50"
"2017-05-05":"3194U":"MADRID, CIUDAD UNIVERSITARIA":"MADRID":"664":"15,9":"0,9":"9,4":"23:59":"22,4":"11:30"
"2017-05-06":"3194U":"MADRID, CIUDAD UNIVERSITARIA":"MADRID":"664":"15,2":"0,0":"8,3":"05:50":"22,0":"15:40"
"2017-05-07":"3194U":"MADRID, CIUDAD UNIVERSITARIA":"MADRID":"664":"16,5":"0,0":"6,5":"05:50":"26,5":"15:00"
"2017-05-08":"3194U":"MADRID, CIUDAD UNIVERSITARIA":"MADRID":"664":"20,6":"0,0":"11,8":"05:00":"29,5":"15:40"
"2017-05-09":"3194U":"MADRID, CIUDAD UNIVERSITARIA":"MADRID":"664":"21,3":"0,0":"12,8":"04:30":"29,8":"15:00"
"2017-05-10":"3194U":"MADRID, CIUDAD UNIVERSITARIA":"MADRID":"664":"17,6":"21,9":"12,0":"22:00":"23,2":"13:20"
"2017-05-11":"3194U":"MADRID, CIUDAD UNIVERSITARIA":"MADRID":"664":"13,8":"1,5":"9,7":"06:30":"18,0":"15:50"
"2017-05-12":"3194U":"MADRID, CIUDAD UNIVERSITARIA":"MADRID":"664":"13,0":"2,4":"9,4":"02:00":"16,6":"11:40"
"2017-05-13":"3194U":"MADRID, CIUDAD UNIVERSITARIA":"MADRID":"664":"15,9":"0,0":"10,8":"23:59":"21,0":"14:40"
"2017-05-14":"3194U":"MADRID, CIUDAD UNIVERSITARIA":"MADRID":"664":"16,2":"0,0":"7,9":"06:00":"24,5":"15:20"
"2017-05-15":"3194U":"MADRID, CIUDAD UNIVERSITARIA":"MADRID":"664":"18,1":"0,0":"9,5":"05:30":"26,7":"14:50"
"2017-05-16":"3194U":"MADRID, CIUDAD UNIVERSITARIA":"MADRID":"664":"21,5":"0,0":"13,4":"05:20":"29,6":"15:40"
"2017-05-17":"3194U":"MADRID, CIUDAD UNIVERSITARIA":"MADRID":"664":"22,6":"3,1":"16,4":"04:50":"28,8":"15:50"
"2017-05-18":"3194U":"MADRID, CIUDAD UNIVERSITARIA":"MADRID":"664":"16,2":"0,0":"10,5":"23:59":"21,8":"13:30"
"2017-05-19":"3194U":"MADRID, CIUDAD UNIVERSITARIA":"MADRID":"664":"15,6":"0,0":"6,5":"05:30":"24,8":"15:40"
"2017-05-20":"3194U":"MADRID, CIUDAD UNIVERSITARIA":"MADRID":"664":"16,5":"0,0":"6,0":"05:30":"27,0":"15:50"
"2017-05-21":"3194U":"MADRID, CIUDAD UNIVERSITARIA":"MADRID":"664":"19,4":"0,0":"13,9":"04:30":"24,9":"15:10"
"2017-05-22":"3194U":"MADRID, CIUDAD UNIVERSITARIA":"MADRID":"664":"20,2":"0,0":"10,5":"05:30":"30,0":"16:20"
"2017-05-23":"3194U":"MADRID, CIUDAD UNIVERSITARIA":"MADRID":"664":"24,8":"0,0":"17,3":"04:00":"32,2":"15:30"
"2017-05-24":"3194U":"MADRID, CIUDAD UNIVERSITARIA":"MADRID":"664":"23,0":"0,0":"14,1":"05:40":"31,9":"14:20"
"2017-05-25":"3194U":"MADRID, CIUDAD UNIVERSITARIA":"MADRID":"664":"24,7":"0,0":"15,6":"06:00":"33,8":"14:10"
"2017-05-26":"3194U":"MADRID, CIUDAD UNIVERSITARIA":"MADRID":"664":"25,2":"0,0":"16,2":"04:00":"34,1":"15:00"
"2017-05-27":"3194U":"MADRID, CIUDAD UNIVERSITARIA":"MADRID":"664":"25,8":"0,0":"19,0":"04:50":"32,6":"15:40"
"2017-05-28":"3194U":"MADRID, CIUDAD UNIVERSITARIA":"MADRID":"664":"23,1":"0,1":"18,0":"05:40":"28,2":"16:30"
"2017-05-29":"3194U":"MADRID, CIUDAD UNIVERSITARIA":"MADRID":"664":"21,8":"0,0":"16,2":"23:00":"27,4":"16:00"
"2017-05-30":"3194U":"MADRID, CIUDAD UNIVERSITARIA":"MADRID":"664":"20,2":"0,0":"13,3":"05:10":"27,2":"15:40"
"2017-05-31":"3194U":"MADRID, CIUDAD UNIVERSITARIA":"MADRID":"664":"22,6":"0,0":"15,9":"05:40":"29,2":"13:20"
"2017-06-01":"3194U":"MADRID, CIUDAD UNIVERSITARIA":"MADRID":"664":"23,2":"0,0":"14,5":"05:00":"31,9":"15:00"
"2017-06-02":"3194U":"MADRID, CIUDAD UNIVERSITARIA":"MADRID":"664":"26,0":"0,7":"18,0":"23:59":"34,0":"14:00":"88":"1,7":"13,9":"20:20"
"2017-06-03":"3194U":"MADRID, CIUDAD UNIVERSITARIA":"MADRID":"664":"23,4":"0,0":"16,6":"05:00":"30,1":"16:20":"09":"2,2":"14,7":"21:40"
"2017-06-04":"3194U":"MADRID, CIUDAD UNIVERSITARIA":"MADRID":"664":"20,7":"0,0":"13,8":"23:59":"27,6":"12:00":"26":"3,6":"11,9":"13:10"
"2017-06-05":"3194U":"MADRID, CIUDAD UNIVERSITARIA":"MADRID":"664":"19,3":"0,0":"10,2":"06:00":"28,4":"16:00":"25":"1,7":"10,0":"15:50"
"2017-06-06":"3194U":"MADRID, CIUDAD UNIVERSITARIA":"MADRID":"664":"22,2":"0,0":"14,7":"04:50":"29,7":"16:00":"28":"2,2":"10,6":"18:20"
"2017-06-07":"3194U":"MADRID, CIUDAD UNIVERSITARIA":"MADRID":"664":"22,8":"0,0":"13,0":"03:50":"32,7":"14:40":"17":"1,1":"6,7":"22:30"
"2017-06-08":"3194U":"MADRID, CIUDAD UNIVERSITARIA":"MADRID":"664":"26,3":"0,0":"19,0":"05:40":"33,6":"15:00":"27":"1,4":"7,8":"15:20"
"2017-06-09":"3194U":"MADRID, CIUDAD UNIVERSITARIA":"MADRID":"664":"26,4":"0,0":"18,9":"06:00":"34,0":"14:20":"25":"1,1":"9,4":"14:50"
"2017-06-10":"3194U":"MADRID, CIUDAD UNIVERSITARIA":"MADRID":"664":"25,6":"0,0":"15,9":"04:30":"35,3":"16:40":"24":"1,7":"5,6":"12:10"
"2017-06-11":"3194U":"MADRID, CIUDAD UNIVERSITARIA":"MADRID":"664":"29,1":"0,0":"21,2":"05:20":"37,0":"14:20":"23":"1,7":"6,9":"13:40"
"2017-06-12":"3194U":"MADRID, CIUDAD UNIVERSITARIA":"MADRID":"664":"30,0":"0,0":"22,8":"05:50":"37,2":"15:30":"14":"1,1":"8,9":"22:50"
"2017-06-13":"3194U":"MADRID, CIUDAD UNIVERSITARIA":"MADRID":"664":"29,0":"0,0":"21,3":"05:00":"36,7":"16:00":"11":"1,4":"7,5":"02:20"
"2017-06-14":"3194U":"MADRID, CIUDAD UNIVERSITARIA":"MADRID":"664":"30,2":"0,0":"21,9":"05:10":"38,4":"15:50":"24":"2,2":"10,0":"14:40"
"2017-06-15":"3194U":"MADRID, CIUDAD UNIVERSITARIA":"MADRID":"664":"30,9":"0,5":"21,2":"04:50":"40,6":"15:40":"12":"1,7":"15,6":"19:50"
"2017-06-16":"3194U":"MADRID, CIUDAD UNIVERSITARIA":"MADRID":"664":"29,3":"0,0":"20,0":"05:00":"38,6":"16:00":"07":"1,7":"8,6":"23:59"
"2017-06-17":"3194U":"MADRID, CIUDAD UNIVERSITARIA":"MADRID":"664":"33,0":"0,0":"24,8":"06:00":"41,1":"15:00":"06":"2,2":"9,2":"00:10"
"2017-06-18":"3194U":"MADRID, CIUDAD UNIVERSITARIA":"MADRID":"664":"31,0":"0,0":"22,8":"06:00":"39,2":"16:10":"13":"1,7":"11,9":"21:30"
"2017-06-19":"3194U":"MADRID, CIUDAD UNIVERSITARIA":"MADRID":"664":"28,0":"0,9":"20,2":"23:10":"35,8":"16:50":"23":"1,4":"12,5":"22:10"
"2017-06-20":"3194U":"MADRID, CIUDAD UNIVERSITARIA":"MADRID":"664":"26,8":"0,1":"19,4":"05:30":"34,3":"15:00":"03":"1,7":"11,1":"17:50"
"2017-06-21":"3194U":"MADRID, CIUDAD UNIVERSITARIA":"MADRID":"664":"27,5":"0,0":"18,2":"05:00":"36,8":"14:40":"23":"1,9":"7,5":"12:50"
"2017-06-22":"3194U":"MADRID, CIUDAD UNIVERSITARIA":"MADRID":"664":"31,3":"0,0":"24,0":"06:00":"38,6":"15:10":"28":"1,9":"10,8":"16:00"
"2017-06-23":"3194U":"MADRID, CIUDAD UNIVERSITARIA":"MADRID":"664":"28,2":"0,0":"19,8":"05:40":"36,7":"16:00":"24":"3,1":"10,8":"14:10"
"2017-06-24":"3194U":"MADRID, CIUDAD UNIVERSITARIA":"MADRID":"664":"28,0":"0,0":"19,5":"05:40":"36,5":"14:50":"99":"2,2":"11,9":"Varias"
"2017-06-25":"3194U":"MADRID, CIUDAD UNIVERSITARIA":"MADRID":"664":"25,8":"9,0":"17,7":"23:30":"33,8":"12:50":"18":"2,5":"14,2":"15:10"
"2017-06-26":"3194U":"MADRID, CIUDAD UNIVERSITARIA":"MADRID":"664":"23,6":"0,0":"16,5":"05:30":"30,7":"16:10":"23":"1,7":"9,7":"15:10"
"2017-06-27":"3194U":"MADRID, CIUDAD UNIVERSITARIA":"MADRID":"664":"23,0":"0,0":"16,5":"05:00":"29,4":"14:10":"23":"3,6":"13,6":"12:10"
"2017-06-28":"3194U":"MADRID, CIUDAD UNIVERSITARIA":"MADRID":"664":"21,2":"0,0":"15,4":"05:40":"27,0":"16:00":"23":"5,3":"17,5":"13:30"
"2017-06-29":"3194U":"MADRID, CIUDAD UNIVERSITARIA":"MADRID":"664":"18,5":"0,0":"11,9":"05:50":"25,1":"15:50":"31":"6,4":"13,6":"08:30"
"2017-06-30":"3194U":"MADRID, CIUDAD UNIVERSITARIA":"MADRID":"664":"16,8":"0,0":"9,9":"05:40":"23,6":"13:40":"29":"1,9":"11,1":"00:40"
"2017-07-01":"3194U":"MADRID, CIUDAD UNIVERSITARIA":"MADRID":"664":"18,2":"0,0":"11,8":"06:00":"24,7":"16:00":"06":"2,8":"9,4":"00:20"
"2017-07-02":"3194U":"MADRID, CIUDAD UNIVERSITARIA":"MADRID":"664":"22,2":"0,0":"12,3":"04:20":"32,0":"14:30":"03":"3,3":"10,0":"15:10"
"2017-07-03":"3194U":"MADRID, CIUDAD UNIVERSITARIA":"MADRID":"664":"25,0":"0,0":"15,5":"05:40":"34,4":"17:00":"10":"1,1":"8,3":"01:30"
"2017-07-04":"3194U":"MADRID, CIUDAD UNIVERSITARIA":"MADRID":"664":"27,2":"0,0":"19,4":"06:00":"34,9":"16:00":"12":"1,7":"10,3":"21:50"
"2017-07-05":"3194U":"MADRID, CIUDAD UNIVERSITARIA":"MADRID":"664":"27,6":"2,6":"19,9":"23:59":"35,3":"15:30":"24":"1,4":"10,8":"15:50"
"2017-07-06":"3194U":"MADRID, CIUDAD UNIVERSITARIA":"MADRID":"664":"19,0":"15,8":"17:20":"22,3":"01:40":"26":"1,4":"14,4":"16:20"
"2017-07-07":"3194U":"MADRID, CIUDAD UNIVERSITARIA":"MADRID":"664":"19,8":"14,6":"22:00":"25,1":"11:00":"24":"3,6":"15,0":"12:50"
"2017-07-08":"3194U":"MADRID, CIUDAD UNIVERSITARIA":"MADRID":"664":"20,0":"15,0":"06:00":"25,1":"11:50":"05":"0,3":"9,7":"12:10"
"2017-07-09":"3194U":"MADRID, CIUDAD UNIVERSITARIA":"MADRID":"664":"23,4":"0,0":"14,6":"05:00":"32,1":"16:10":"24":"0,8":"8,1":"16:50"
"2017-07-10":"3194U":"MADRID, CIUDAD UNIVERSITARIA":"MADRID":"664":"24,6":"16,2":"05:50":"33,0":"16:00":"24":"2,2":"9,2":"14:50"
"2017-07-11":"3194U":"MADRID, CIUDAD UNIVERSITARIA":"MADRID":"664":"25,2":"0,0":"15,3":"06:00":"35,2":"16:50":"25":"1,1":"8,3":"15:00"
"2017-07-12":"3194U":"MADRID, CIUDAD UNIVERSITARIA":"MADRID":"664":"27,3":"0,0":"16,5":"05:50":"38,1":"16:40":"26":"1,9":"9,2":"17:00"
"2017-07-13":"3194U":"MADRID, CIUDAD UNIVERSITARIA":"MADRID":"664":"30,0":"0,0":"18,9":"05:00":"41,0":"15:20":"23":"2,2":"17,2":"15:40"
"2017-07-14":"3194U":"MADRID, CIUDAD UNIVERSITARIA":"MADRID":"664":"31,0":"0,0":"21,7":"02:20":"40,4":"15:40":"24":"3,6":"11,7":"15:40"
"2017-07-15":"3194U":"MADRID, CIUDAD UNIVERSITARIA":"MADRID":"664":"29,8":"0,0":"22,0":"06:00":"37,5":"17:20":"07":"1,1":"10,8":"21:00"
"2017-07-16":"3194U":"MADRID, CIUDAD UNIVERSITARIA":"MADRID":"664":"29,6":"0,0":"21,6":"04:30":"37,6":"15:40":"06":"1,9":"8,3":"00:30"
"2017-07-17":"3194U":"MADRID, CIUDAD UNIVERSITARIA":"MADRID":"664":"29,7":"0,0":"23,3":"03:40":"36,1":"15:00":"24":"1,9":"10,8":"15:50"
"2017-07-18":"3194U":"MADRID, CIUDAD UNIVERSITARIA":"MADRID":"664":"30,2":"0,0":"23,5":"05:40":"36,8":"16:50":"14":"2,5":"10,0":"20:50"
"2017-07-19":"3194U":"MADRID, CIUDAD UNIVERSITARIA":"MADRID":"664":"27,6":"0,0":"22,4":"Varias":"32,9":"16:50":"25":"3,3":"11,9":"15:10"
"2017-07-20":"3194U":"MADRID, CIUDAD UNIVERSITARIA":"MADRID":"664":"25,2":"0,0":"17,8":"05:00":"32,7":"16:50":"26":"1,7":"7,8":"16:30"
"2017-07-21":"3194U":"MADRID, CIUDAD UNIVERSITARIA":"MADRID":"664":"24,2":"0,0":"16,3":"05:30":"32,2":"14:20":"28":"1,9":"11,1":"12:00"
"2017-07-22":"3194U":"MADRID, CIUDAD UNIVERSITARIA":"MADRID":"664":"24,8":"0,0":"15,9":"06:00":"33,6":"14:40":"26":"2,2":"10,3":"15:20"
"2017-07-23":"3194U":"MADRID, CIUDAD UNIVERSITARIA":"MADRID":"664":"25,2":"0,0":"15,4":"06:00":"34,9":"14:40":"28":"2,2":"9,4":"15:00"
"2017-07-24":"3194U":"MADRID, CIUDAD UNIVERSITARIA":"MADRID":"664":"25,6":"0,0":"18,1":"05:50":"33,1":"15:00":"08":"1,9":"12,2":"23:30"
"2017-07-25":"3194U":"MADRID, CIUDAD UNIVERSITARIA":"MADRID":"664":"24,0":"0,0":"16,0":"05:30":"32,0":"16:50":"04":"1,7":"12,5":"21:10"
"2017-07-26":"3194U":"MADRID, CIUDAD UNIVERSITARIA":"MADRID":"664":"25,5":"0,0":"16,6":"05:50":"34,4":"17:20":"28":"2,2":"9,4":"17:30"
"2017-07-27":"3194U":"MADRID, CIUDAD UNIVERSITARIA":"MADRID":"664":"27,8":"0,0":"17,6":"06:00":"37,9":"14:50":"23":"1,1":"9,4":"12:40"
"2017-07-28":"3194U":"MADRID, CIUDAD UNIVERSITARIA":"MADRID":"664":"28,6":"0,0":"18,7":"06:00":"38,5":"14:30":"99":"1,9":"8,9":"Varias"
"2017-07-29":"3194U":"MADRID, CIUDAD UNIVERSITARIA":"MADRID":"664":"28,6":"0,0":"18,5":"06:00":"38,8":"15:40":"24":"1,7":"9,4":"15:10"
"2017-07-30":"3194U":"MADRID, CIUDAD UNIVERSITARIA":"MADRID":"664":"28,4":"0,0":"19,4":"05:30":"37,3":"15:50":"25":"2,8":"12,8":"16:10"
"2017-07-31":"3194U":"MADRID, CIUDAD UNIVERSITARIA":"MADRID":"664":"26,5":"0,0":"18,4":"05:50":"34,6":"14:30":"99":"2,5":"12,2":"Varias"
"2017-08-01":"3194U":"MADRID, CIUDAD UNIVERSITARIA":"MADRID":"664":"26,2":"0,0":"18,9":"06:00":"33,4":"15:20":"24":"2,2":"9,7":"14:10"
"2017-08-02":"3194U":"MADRID, CIUDAD UNIVERSITARIA":"MADRID":"664":"26,1":"0,0":"17,1":"05:20":"35,1":"14:30":"23":"1,7":"6,9":"14:20"
"2017-08-03":"3194U":"MADRID, CIUDAD UNIVERSITARIA":"MADRID":"664":"27,5":"0,0":"17,7":"06:10":"37,3":"16:50":"24":"1,1":"8,3":"15:10"
"2017-08-04":"3194U":"MADRID, CIUDAD UNIVERSITARIA":"MADRID":"664":"30,2":"0,0":"21,5":"06:00":"38,8":"15:00":"23":"1,1":"6,7":"16:50"
"2017-08-05":"3194U":"MADRID, CIUDAD UNIVERSITARIA":"MADRID":"664":"30,6":"0,0":"21,3":"06:00":"39,8":"14:40":"26":"2,2":"12,5":"15:00"
"2017-08-06":"3194U":"MADRID, CIUDAD UNIVERSITARIA":"MADRID":"664":"29,3":"0,0":"21,2":"06:10":"37,4":"16:40":"27":"3,1":"9,7":"16:00"
"2017-08-07":"3194U":"MADRID, CIUDAD UNIVERSITARIA":"MADRID":"664":"28,2":"0,0":"20,0":"05:00":"36,4":"15:50":"24":"3,3":"15,0":"17:20"
"2017-08-08":"3194U":"MADRID, CIUDAD UNIVERSITARIA":"MADRID":"664":"23,3":"0,0":"15,8":"05:50":"30,8":"14:50":"24":"1,4":"10,0":"18:00"
"2017-08-09":"3194U":"MADRID, CIUDAD UNIVERSITARIA":"MADRID":"664":"22,9":"0,0":"14,9":"23:59":"30,9":"15:00":"06":"3,9":"13,6":"22:50"
"2017-08-10":"3194U":"MADRID, CIUDAD UNIVERSITARIA":"MADRID":"664":"19,4":"0,0":"11,1":"05:00":"27,7":"15:40":"09":"2,5":"15,0":"22:50"
"2017-08-11":"3194U":"MADRID, CIUDAD UNIVERSITARIA":"MADRID":"664":"21,2":"0,0":"12,3":"05:50":"30,2":"15:40":"08":"1,4":"10,8":"Varias"
"2017-08-12":"3194U":"MADRID, CIUDAD UNIVERSITARIA":"MADRID":"664":"23,8":"0,0":"14,5":"06:00":"33,0":"16:00":"99":"1,1":"9,2":"00:20"
"2017-08-13":"3194U":"MADRID, CIUDAD UNIVERSITARIA":"MADRID":"664":"25,8":"0,0":"17,3":"05:30":"34,2":"15:40":"07":"1,4":"8,1":"00:40"
"2017-08-14":"3194U":"MADRID, CIUDAD UNIVERSITARIA":"MADRID":"664":"28,4":"0,0":"21,2":"02:10":"35,7":"16:00":"09":"1,1":"8,3":"12:00"
"2017-08-15":"3194U":"MADRID, CIUDAD UNIVERSITARIA":"MADRID":"664":"28,2":"0,0":"21,7":"23:59":"34,6":"13:00":"24":"3,1":"9,7":"16:40"
"2017-08-16":"3194U":"MADRID, CIUDAD UNIVERSITARIA":"MADRID":"664":"26,2":"0,0":"16,7":"06:00":"35,6":"14:30":"05":"0,8":"7,8":"23:50"
"2017-08-17":"3194U":"MADRID, CIUDAD UNIVERSITARIA":"MADRID":"664":"29,3":"0,0":"22,0":"06:30":"36,6":"16:00":"05":"1,7":"8,3":"00:20"
"2017-08-18":"3194U":"MADRID, CIUDAD UNIVERSITARIA":"MADRID":"664":"28,8":"0,0":"19,3":"05:00":"38,2":"15:00":"29":"1,4":"9,7":"16:40"
"2017-08-19":"3194U":"MADRID, CIUDAD UNIVERSITARIA":"MADRID":"664":"28,4":"0,0":"20,8":"06:00":"35,9":"14:20":"06":"1,4":"11,9":"23:30"
"2017-08-20":"3194U":"MADRID, CIUDAD UNIVERSITARIA":"MADRID":"664":"29,0":"0,0":"21,4":"06:30":"36,7":"16:00":"06":"0,8":"9,2":"22:50"
"2017-08-21":"3194U":"MADRID, CIUDAD UNIVERSITARIA":"MADRID":"664":"28,8":"0,0":"20,5":"06:00":"37,1":"16:30":"16":"1,1":"7,2":"23:30"
"2017-08-22":"3194U":"MADRID, CIUDAD UNIVERSITARIA":"MADRID":"664":"30,5":"0,0":"23,6":"06:00":"37,4":"15:30":"25":"1,4":"7,5":"16:20"
"2017-08-23":"3194U":"MADRID, CIUDAD UNIVERSITARIA":"MADRID":"664":"28,9":"0,0":"20,7":"04:30":"37,1":"14:40":"27":"2,2":"10,3":"14:20"
"2017-08-24":"3194U":"MADRID, CIUDAD UNIVERSITARIA":"MADRID":"664":"27,5":"0,0":"19,0":"06:00":"36,0":"14:20":"17":"2,2":"10,8":"14:20"
"2017-08-25":"3194U":"MADRID, CIUDAD UNIVERSITARIA":"MADRID":"664":"26,0":"0,0":"16,8":"06:40":"35,3":"15:50":"24":"2,2":"10,0":"18:10"
"2017-08-26":"3194U":"MADRID, CIUDAD UNIVERSITARIA":"MADRID":"664":"24,4":"0,6":"16,9":"06:00":"31,8":"14:30":"10":"0,3":"7,5":"22:00"
"2017-08-27":"3194U":"MADRID, CIUDAD UNIVERSITARIA":"MADRID":"664":"23,6":"2,4":"19,9":"06:40":"27,3":"16:10":"26":"2,8":"14,2":"10:40"
"2017-08-28":"3194U":"MADRID, CIUDAD UNIVERSITARIA":"MADRID":"664":"19,3":"19,5":"16,6":"20:20":"22,0":"08:00":"24":"1,7":"11,7":"12:40"
"2017-08-29":"3194U":"MADRID, CIUDAD UNIVERSITARIA":"MADRID":"664":"20,4":"0,2":"15,2":"02:50":"25,6":"13:40":"08":"0,6":"6,1":"20:20"
"2017-08-30":"3194U":"MADRID, CIUDAD UNIVERSITARIA":"MADRID":"664":"22,1":"0,0":"16,5":"03:00":"27,7":"15:30":"24":"1,7":"8,6":"13:20"
"2017-08-31":"3194U":"MADRID, CIUDAD UNIVERSITARIA":"MADRID":"664":"23,2":"0,0":"17,4":"05:50":"29,0":"16:40":"08":"1,7":"9,4":"22:50"
"2017-09-01":"3194U":"MADRID, CIUDAD UNIVERSITARIA":"MADRID":"664":"23,0":"0,0":"16,6":"06:00":"29,4":"14:00":"08":"3,1":"12,8":"22:30"
"2017-09-02":"3194U":"MADRID, CIUDAD UNIVERSITARIA":"MADRID":"664":"20,0":"0,0":"12,0":"06:30":"28,0":"16:40":"08":"1,4":"10,8":"00:20"
"2017-09-03":"3194U":"MADRID, CIUDAD UNIVERSITARIA":"MADRID":"664":"23,3":"0,0":"13,9":"03:00":"32,7":"14:50":"23":"2,2":"8,9":"17:50"
"2017-09-04":"3194U":"MADRID, CIUDAD UNIVERSITARIA":"MADRID":"664":"23,5":"0,0":"16,9":"06:30":"30,1":"16:30":"24":"1,1":"6,4":"03:00"
"2017-09-05":"3194U":"MADRID, CIUDAD UNIVERSITARIA":"MADRID":"664":"24,3":"0,0":"16,3":"06:40":"32,3":"15:30":"24":"0,6":"6,4":"13:50"
"2017-09-06":"3194U":"MADRID, CIUDAD UNIVERSITARIA":"MADRID":"664":"26,8":"0,0":"20,2":"00:20":"33,5":"16:20":"06":"2,8":"10,0":"19:50"
"2017-09-07":"3194U":"MADRID, CIUDAD UNIVERSITARIA":"MADRID":"664":"24,1":"0,0":"16,8":"23:59":"31,4":"15:00":"05":"1,7":"8,1":"10:10"
"2017-09-08":"3194U":"MADRID, CIUDAD UNIVERSITARIA":"MADRID":"664":"22,0":"0,0":"11,9":"06:00":"32,1":"15:00":"25":"1,1":"8,1":"16:10"
"2017-09-09":"3194U":"MADRID, CIUDAD UNIVERSITARIA":"MADRID":"664":"19,7":"0,0":"14,1":"22:30":"25,3":"12:40":"29":"5,6":"14,2":"08:10"
"2017-09-10":"3194U":"MADRID, CIUDAD UNIVERSITARIA":"MADRID":"664":"17,3":"0,0":"8,9":"06:30":"25,7":"16:20":"27":"1,7":"6,7":"15:50"
"2017-09-11":"3194U":"MADRID, CIUDAD UNIVERSITARIA":"MADRID":"664":"22,2":"0,0":"12,5":"06:20":"31,9":"14:10":"29":"4,2":"13,3":"23:20"
"2017-09-12":"3194U":"MADRID, CIUDAD UNIVERSITARIA":"MADRID":"664":"22,0":"0,0":"15,6":"06:00":"28,3":"16:10":"99":"1,9":"8,3":"Varias"
"2017-09-13":"3194U":"MADRID, CIUDAD UNIVERSITARIA":"MADRID":"664":"21,9":"0,0":"12,5":"06:20":"31,3":"16:10":"24":"1,7":"8,6":"16:10"
"2017-09-14":"3194U":"MADRID, CIUDAD UNIVERSITARIA":"MADRID":"664":"23,2":"0,0":"14,4":"06:30":"32,1":"13:30":"07":"1,7":"8,9":"21:00"
"2017-09-15":"3194U":"MADRID, CIUDAD UNIVERSITARIA":"MADRID":"664":"17,7":"0,0":"13,1":"23:59":"22,3":"13:30":"06":"3,3":"13,3":"08:10"
"2017-09-16":"3194U":"MADRID, CIUDAD UNIVERSITARIA":"MADRID":"664":"15,9":"0,0":"8,8":"05:50":"23,0":"14:30":"99":"1,9":"10,3":"14:40"
"2017-09-17":"3194U":"MADRID, CIUDAD UNIVERSITARIA":"MADRID":"664":"15,8":"0,0":"5,8":"06:00":"25,8":"15:40":"25":"1,1":"7,8":"16:00"
"2017-09-18":"3194U":"MADRID, CIUDAD UNIVERSITARIA":"MADRID":"664":"18,0":"0,0":"11,3":"04:50":"24,8":"15:10":"29":"3,3":"13,9":"12:10"
"2017-09-19":"3194U":"MADRID, CIUDAD UNIVERSITARIA":"MADRID":"664":"18,1":"0,0":"8,2":"06:30":"28,0":"15:30":"10":"0,8":"6,1":"21:20"
"2017-09-20":"3194U":"MADRID, CIUDAD UNIVERSITARIA":"MADRID":"664":"18,4":"0,0":"8,3":"06:00":"28,6":"15:40":"24":"0,3":"5,0":"14:10"
"2017-09-21":"3194U":"MADRID, CIUDAD UNIVERSITARIA":"MADRID":"664":"19,8":"0,0":"10,1":"05:50":"29,6":"15:00":"24":"1,1":"7,8":"14:10"
"2017-09-22":"3194U":"MADRID, CIUDAD UNIVERSITARIA":"MADRID":"664":"21,4":"0,0":"16,0":"05:50":"26,9":"13:20":"29":"2,5":"11,4":"17:20"
"2017-09-23":"3194U":"MADRID, CIUDAD UNIVERSITARIA":"MADRID":"664":"21,3":"0,0":"13,9":"06:30":"28,7":"15:20":"24":"0,8":"5,6":"15:10"
"2017-09-24":"3194U":"MADRID, CIUDAD UNIVERSITARIA":"MADRID":"664":"21,0":"0,0":"11,7":"06:40":"30,4":"14:10":"27":"2,2":"13,6":"13:00"
"2017-09-25":"3194U":"MADRID, CIUDAD UNIVERSITARIA":"MADRID":"664":"21,0":"0,0":"12,9":"06:30":"29,1":"13:50":"06":"2,2":"10,3":"22:00"
"2017-09-26":"3194U":"MADRID, CIUDAD UNIVERSITARIA":"MADRID":"664":"19,6":"0,0":"12,9":"06:40":"26,3":"15:50":"06":"1,4":"8,1":"04:20"
"2017-09-27":"3194U":"MADRID, CIUDAD UNIVERSITARIA":"MADRID":"664":"19,6":"0,0":"11,5":"04:00":"27,6":"15:10":"11":"1,7":"7,5":"00:50"
"2017-09-28":"3194U":"MADRID, CIUDAD UNIVERSITARIA":"MADRID":"664":"19,4":"0,0":"10,1":"06:00":"28,8":"15:50":"19":"0,3":"5,3":"13:10"
"2017-09-29":"3194U":"MADRID, CIUDAD UNIVERSITARIA":"MADRID":"664":"21,2":"0,0":"13,3":"06:40":"29,1":"15:30":"27":"1,1":"6,1":"16:00"
"2017-09-30":"3194U":"MADRID, CIUDAD UNIVERSITARIA":"MADRID":"664":"22,0":"0,0":"14,2":"05:50":"29,8":"14:20":"07":"0,8":"10,3":"23:30"
"2017-10-01":"3194U":"MADRID, CIUDAD UNIVERSITARIA":"MADRID":"664":"20,9":"0,0":"14,8":"06:50":"27,0":"15:00":"07":"1,4":"8,6":"00:20"
"2017-10-02":"3194U":"MADRID, CIUDAD UNIVERSITARIA":"MADRID":"664":"20,8":"0,0":"12,4":"06:20":"29,3":"14:20":"09":"1,4":"6,4":"18:10"
"2017-10-03":"3194U":"MADRID, CIUDAD UNIVERSITARIA":"MADRID":"664":"22,3":"0,0":"14,0":"06:50":"30,6":"14:50":"08":"0,6":"8,1":"22:10"
"2017-10-04":"3194U":"MADRID, CIUDAD UNIVERSITARIA":"MADRID":"664":"22,8":"0,0":"15,6":"06:10":"30,1":"15:50":"08":"1,1":"6,4":"10:00"
"2017-10-05":"3194U":"MADRID, CIUDAD UNIVERSITARIA":"MADRID":"664":"22,0":"0,0":"13,1":"06:10":"31,0":"14:20":"99":"0,6":"7,8":"Varias"
"2017-10-06":"3194U":"MADRID, CIUDAD UNIVERSITARIA":"MADRID":"664":"21,4":"0,0":"11,5":"06:50":"31,2":"15:00":"08":"1,4":"10,0":"21:20"
"2017-10-07":"3194U":"MADRID, CIUDAD UNIVERSITARIA":"MADRID":"664":"18,9":"0,0":"11,4":"06:50":"26,4":"14:40":"10":"2,2":"8,6":"11:30"
"2017-10-08":"3194U":"MADRID, CIUDAD UNIVERSITARIA":"MADRID":"664":"18,2":"0,0":"8,8":"06:40":"27,7":"15:10":"26":"1,1":"4,4":"14:00"
"2017-10-09":"3194U":"MADRID, CIUDAD UNIVERSITARIA":"MADRID":"664":"17,8":"0,0":"7,4":"04:50":"28,3":"15:00":"35":"0,8":"5,6":"06:10"
"2017-10-10":"3194U":"MADRID, CIUDAD UNIVERSITARIA":"MADRID":"664":"17,8":"0,0":"7,2":"06:30":"28,5":"16:00":"25":"0,6":"5,8":"15:40"
"2017-10-11":"3194U":"MADRID, CIUDAD UNIVERSITARIA":"MADRID":"664":"18,2":"0,0":"8,0":"06:00":"28,3":"14:50":"18":"0,6":"6,1":"14:50"
"2017-10-12":"3194U":"MADRID, CIUDAD UNIVERSITARIA":"MADRID":"664":"19,0":"0,0":"8,9":"07:00":"29,0":"15:00":"23":"0,3":"3,9":"15:30"
"2017-10-13":"3194U":"MADRID, CIUDAD UNIVERSITARIA":"MADRID":"664":"20,0":"0,0":"10,6":"06:00":"29,5":"14:40":"23":"0,6":"6,9":"14:20"
"2017-10-14":"3194U":"MADRID, CIUDAD UNIVERSITARIA":"MADRID":"664":"19,0":"0,0":"9,0":"06:30":"28,9":"15:00":"23":"0,3":"5,3":"15:40"
"2017-10-15":"3194U":"MADRID, CIUDAD UNIVERSITARIA":"MADRID":"664":"21,6":"0,0":"14,5":"07:00":"28,6":"14:50":"17":"1,1":"8,9":"21:50"
"2017-10-16":"3194U":"MADRID, CIUDAD UNIVERSITARIA":"MADRID":"664":"20,1":"0,0":"13,7":"23:20":"26,5":"15:00":"10":"1,1":"6,4":"05:00"
"2017-10-17":"3194U":"MADRID, CIUDAD UNIVERSITARIA":"MADRID":"664":"17,2":"20,2":"13,7":"06:10":"20,6":"13:00":"24":"1,4":"8,9":"12:30"
"2017-10-18":"3194U":"MADRID, CIUDAD UNIVERSITARIA":"MADRID":"664":"11,2":"8,5":"7,8":"23:59":"14,6":"00:30":"23":"1,4":"8,6":"12:50"
"2017-10-19":"3194U":"MADRID, CIUDAD UNIVERSITARIA":"MADRID":"664":"12,8":"0,0":"6,0":"04:00":"19,5":"15:00":"30":"1,4":"8,6":"16:30"
"2017-10-20":"3194U":"MADRID, CIUDAD UNIVERSITARIA":"MADRID":"664":"15,2":"0,0":"9,5":"05:50":"20,8":"15:00":"23":"0,8":"7,5":"14:30"
"2017-10-21":"3194U":"MADRID, CIUDAD UNIVERSITARIA":"MADRID":"664":"17,1":"0,0":"10,4":"23:59":"23,8":"13:20":"29":"1,4":"7,8":"16:00"
"2017-10-22":"3194U":"MADRID, CIUDAD UNIVERSITARIA":"MADRID":"664":"12,5":"0,0":"5,2":"07:00":"19,8":"14:50":"99":"1,7":"6,1":"Varias"
"2017-10-23":"3194U":"MADRID, CIUDAD UNIVERSITARIA":"MADRID":"664":"14,0":"0,0":"5,2":"07:00":"22,7":"14:50":"05":"0,8":"4,4":"00:30"
"2017-10-24":"3194U":"MADRID, CIUDAD UNIVERSITARIA":"MADRID":"664":"15,8":"0,0":"6,6":"07:00":"25,0":"14:50":"24":"0,8":"4,2":"14:40"
"2017-10-25":"3194U":"MADRID, CIUDAD UNIVERSITARIA":"MADRID":"664":"16,6":"0,0":"7,1":"06:00":"26,1":"15:10":"23":"0,6":"4,2":"14:10"
"2017-10-26":"3194U":"MADRID, CIUDAD UNIVERSITARIA":"MADRID":"664":"17,2":"0,0":"7,5":"06:50":"27,0":"14:40":"25":"0,6":"3,6":"14:40"
"2017-10-27":"3194U":"MADRID, CIUDAD UNIVERSITARIA":"MADRID":"664":"18,4":"0,0":"7,4":"05:50":"29,3":"13:10":"04":"3,1":"11,1":"14:30"
"2017-10-28":"3194U":"MADRID, CIUDAD UNIVERSITARIA":"MADRID":"664":"15,2":"0,0":"6,8":"07:00":"23,6":"14:20":"09":"1,4":"10,3":"16:00"
"2017-10-29":"3194U":"MADRID, CIUDAD UNIVERSITARIA":"MADRID":"664":"14,0":"0,0":"4,2":"07:00":"23,7":"15:00":"08":"1,4":"8,6":"23:40"
"2017-10-30":"3194U":"MADRID, CIUDAD UNIVERSITARIA":"MADRID":"664":"12,4":"0,0":"4,1":"06:00":"20,8":"14:40":"09":"1,1":"7,5":"22:20"
"2017-10-31":"3194U":"MADRID, CIUDAD UNIVERSITARIA":"MADRID":"664":"14,0":"0,0":"8,2":"02:50":"19,7":"15:20":"07":"1,4":"6,7":"05:30"
"2017-11-01":"3194U":"MADRID, CIUDAD UNIVERSITARIA":"MADRID":"664":"12,9":"0,0":"6,1":"04:00":"19,7":"14:40":"05":"2,2":"5,3":"12:40"
"2017-11-02":"3194U":"MADRID, CIUDAD UNIVERSITARIA":"MADRID":"664":"14,4":"0,0":"10,0":"00:40":"18,7":"14:00":"24":"0,8":"5,3":"14:00"
"2017-11-03":"3194U":"MADRID, CIUDAD UNIVERSITARIA":"MADRID":"664":"15,2":"4,4":"10,5":"23:30":"19,9":"13:50":"24":"1,1":"7,2":"14:10"
"2017-11-04":"3194U":"MADRID, CIUDAD UNIVERSITARIA":"MADRID":"664":"13,1":"0,9":"9,8":"Varias":"16,4":"14:20":"25":"0,3":"7,2":"14:50"
"2017-11-05":"3194U":"MADRID, CIUDAD UNIVERSITARIA":"MADRID":"664":"11,2":"0,0":"5,7":"23:59":"16,7":"12:20":"07":"1,1":"7,8":"15:30"
"2017-11-06":"3194U":"MADRID, CIUDAD UNIVERSITARIA":"MADRID":"664":"9,4":"0,0":"2,9":"06:50":"15,8":"14:10":"06":"1,7":"7,5":"10:50"
"2017-11-07":"3194U":"MADRID, CIUDAD UNIVERSITARIA":"MADRID":"664":"8,7":"0,0":"0,5":"07:00":"16,9":"15:00":"11":"0,3":"4,4":"14:20"
"2017-11-08":"3194U":"MADRID, CIUDAD UNIVERSITARIA":"MADRID":"664":"8,8":"0,0":"2,8":"07:00":"14,7":"11:50":"04":"0,6":"13,6":"19:30"
"2017-11-09":"3194U":"MADRID, CIUDAD UNIVERSITARIA":"MADRID":"664":"6,7":"0,0":"0,1":"07:20":"13,3":"14:10":"04":"2,8":"10,3":"10:30"
"2017-11-10":"3194U":"MADRID, CIUDAD UNIVERSITARIA":"MADRID":"664":"9,6":"0,0":"1,2":"06:00":"18,1":"12:30":"06":"2,8":"13,9":"12:40"
"2017-11-11":"3194U":"MADRID, CIUDAD UNIVERSITARIA":"MADRID":"664":"10,4":"0,0":"1,7":"07:00":"19,0":"15:00":"24":"0,8":"4,2":"13:00"
"2017-11-12":"3194U":"MADRID, CIUDAD UNIVERSITARIA":"MADRID":"664":"10,0":"0,0":"0,6":"07:20":"19,3":"14:40":"34":"0,3":"4,2":"17:20"
"2017-11-13":"3194U":"MADRID, CIUDAD UNIVERSITARIA":"MADRID":"664":"8,8":"0,0":"2,6":"05:20":"15,1":"13:30":"03":"3,1":"12,2":"13:50"
"2017-11-14":"3194U":"MADRID, CIUDAD UNIVERSITARIA":"MADRID":"664":"7,7":"0,0":"-0,7":"07:00":"16,1":"14:50":"07":"0,6":"6,1":"02:00"
"2017-11-15":"3194U":"MADRID, CIUDAD UNIVERSITARIA":"MADRID":"664":"7,8":"0,0":"-0,5":"07:30":"16,0":"14:40":"24":"0,3":"4,2":"14:20"
"2017-11-16":"3194U":"MADRID, CIUDAD UNIVERSITARIA":"MADRID":"664":"9,6":"0,0":"-0,6":"06:40":"19,9":"14:40":"29":"0,6":"3,3":"12:10"
"2017-11-17":"3194U":"MADRID, CIUDAD UNIVERSITARIA":"MADRID":"664":"10,2":"0,0":"1,2":"07:00":"19,3":"14:00":"27":"0,0":"3,3":"11:40"
"2017-11-18":"3194U":"MADRID, CIUDAD UNIVERSITARIA":"MADRID":"664":"11,2":"0,0":"2,4":"07:40":"19,9":"15:10":"07":"1,1":"6,4":"10:50"
"2017-11-19":"3194U":"MADRID, CIUDAD UNIVERSITARIA":"MADRID":"664":"9,7":"0,0":"0,8":"07:00":"18,6":"14:50":"23":"0,6":"3,6":"12:20"
"2017-11-20":"3194U":"MADRID, CIUDAD UNIVERSITARIA":"MADRID":"664":"8,8":"0,0":"-0,2":"07:00":"17,7":"15:00":"24":"0,6":"3,3":"11:00"
"2017-11-21":"3194U":"MADRID, CIUDAD UNIVERSITARIA":"MADRID":"664":"8,6":"0,0":"-0,2":"07:50":"17,4":"14:00":"29":"0,6":"3,3":"13:30"
"2017-11-22":"3194U":"MADRID, CIUDAD UNIVERSITARIA":"MADRID":"664":"8,3":"0,0":"-0,7":"07:00":"17,3":"13:50":"24":"0,8":"4,2":"13:20"
"2017-11-23":"3194U":"MADRID, CIUDAD UNIVERSITARIA":"MADRID":"664":"11,1":"0,2":"5,0":"Varias":"17,2":"14:20":"23":"0,3":"5,0":"14:40"
"2017-11-24":"3194U":"MADRID, CIUDAD UNIVERSITARIA":"MADRID":"664":"12,4":"0,1":"7,6":"04:20":"17,2":"13:10":"28":"1,1":"8,3":"13:50"
"2017-11-25":"3194U":"MADRID, CIUDAD UNIVERSITARIA":"MADRID":"664":"11,6":"0,0":"6,4":"02:00":"16,8":"12:40":"07":"2,2":"9,4":"19:00"
"2017-11-26":"3194U":"MADRID, CIUDAD UNIVERSITARIA":"MADRID":"664":"5,7":"0,0":"-1,1":"07:50":"12,5":"13:50":"07":"1,9":"9,2":"00:10"
"2017-11-27":"3194U":"MADRID, CIUDAD UNIVERSITARIA":"MADRID":"664":"4,4":"0,0":"-2,8":"08:00":"11,7":"13:20":"07":"0,3":"4,7":"00:10"
"2017-11-28":"3194U":"MADRID, CIUDAD UNIVERSITARIA":"MADRID":"664":"3,6":"3,3":"-0,8":"03:50":"8,1":"13:00":"34":"0,3":"3,1":"02:30"
"2017-11-29":"3194U":"MADRID, CIUDAD UNIVERSITARIA":"MADRID":"664":"7,2":"0,0":"1,9":"07:50":"12,6":"12:50":"06":"2,5":"10,6":"21:40"
"2017-11-30":"3194U":"MADRID, CIUDAD UNIVERSITARIA":"MADRID":"664":"3,4":"0,0":"-3,5":"07:30":"10,3":"13:30":"05":"2,2":"8,9":"10:50"
"2017-12-01":"3194U":"MADRID, CIUDAD UNIVERSITARIA":"MADRID":"664":"4,4":"0,0":"-1,2":"23:59":"10,1":"11:10":"29":"3,6":"15,3":"09:00"
"2017-12-02":"3194U":"MADRID, CIUDAD UNIVERSITARIA":"MADRID":"664":"1,6":"0,0":"-2,9":"03:40":"6,2":"12:00":"06":"1,9":"8,9":"17:50"
"2017-12-03":"3194U":"MADRID, CIUDAD UNIVERSITARIA":"MADRID":"664":"3,3":"0,0":"-3,7":"07:50":"10,3":"13:20":"06":"2,2":"9,2":"00:50"
"2017-12-04":"3194U":"MADRID, CIUDAD UNIVERSITARIA":"MADRID":"664":"3,6":"0,0":"-4,1":"06:30":"11,3":"14:50":"05":"1,4":"5,3":"13:20"
"2017-12-05":"3194U":"MADRID, CIUDAD UNIVERSITARIA":"MADRID":"664":"4,5":"0,0":"-3,6":"06:30":"12,6":"14:40":"07":"0,3":"4,7":"00:20"
"2017-12-06":"3194U":"MADRID, CIUDAD UNIVERSITARIA":"MADRID":"664":"3,6":"0,0":"-4,5":"07:50":"11,6":"15:00":"25":"1,1":"3,6":"13:00"
"2017-12-07":"3194U":"MADRID, CIUDAD UNIVERSITARIA":"MADRID":"664":"3,8":"0,0":"-3,2":"07:30":"10,9":"14:50":"23":"0,6":"3,6":"12:10"
"2017-12-08":"3194U":"MADRID, CIUDAD UNIVERSITARIA":"MADRID":"664":"6,8":"0,0":"0,9":"08:00":"12,6":"14:30":"99":"0,6":"3,3":"Varias"
"2017-12-09":"3194U":"MADRID, CIUDAD UNIVERSITARIA":"MADRID":"664":"8,1":"0,0":"1,8":"07:00":"14,4":"12:40":"24":"2,5":"10,0":"21:30"
"2017-12-10":"3194U":"MADRID, CIUDAD UNIVERSITARIA":"MADRID":"664":"10,0":"14,1":"8,9":"07:00":"11,2":"24":"4,4":"17,2":"18:00"
"2017-12-11":"3194U":"MADRID, CIUDAD UNIVERSITARIA":"MADRID":"664":"6,6":"0,1":"2,5":"23:59":"10,7":"12:50":"24":"4,4":"15,0":"01:40"
"2017-12-12":"3194U":"MADRID, CIUDAD UNIVERSITARIA":"MADRID":"664":"4,4":"0,0":"-1,5":"06:20":"10,4":"14:00":"05":"0,8":"7,5":"01:10"
"2017-12-13":"3194U":"MADRID, CIUDAD UNIVERSITARIA":"MADRID":"664":"3,6":"0,0":"-2,0":"04:00":"9,2":"15:20":"24":"0,8":"6,9":"12:30"
"2017-12-14":"3194U":"MADRID, CIUDAD UNIVERSITARIA":"MADRID":"664":"7,2":"0,0":"3,9":"01:50":"10,6":"21:50":"99":"1,7":"11,1":"Varias"
"2017-12-15":"3194U":"MADRID, CIUDAD UNIVERSITARIA":"MADRID":"664":"7,4":"0,0":"1,3":"23:59":"13,4":"13:30":"26":"2,2":"12,2":"04:00"
"2017-12-16":"3194U":"MADRID, CIUDAD UNIVERSITARIA":"MADRID":"664":"4,2":"0,0":"-2,0":"07:20":"10,5":"13:40":"08":"1,4":"10,0":"14:10"
"2017-12-17":"3194U":"MADRID, CIUDAD UNIVERSITARIA":"MADRID":"664":"4,9":"0,0":"-1,5":"08:10":"11,3":"13:40":"08":"1,9":"8,3":"13:40"
"2017-12-18":"3194U":"MADRID, CIUDAD UNIVERSITARIA":"MADRID":"664":"4,8":"0,0":"-2,3":"08:20":"12,0":"14:40":"23":"0,8":"5,0":"13:40"
"2017-12-19":"3194U":"MADRID, CIUDAD UNIVERSITARIA":"MADRID":"664":"6,5":"0,0":"0,1":"23:59":"12,9":"14:30":"09":"2,2":"7,8":"00:50"
"2017-12-20":"3194U":"MADRID, CIUDAD UNIVERSITARIA":"MADRID":"664":"6,0":"0,0":"-1,9":"08:00":"13,9":"15:10":"07":"1,1":"3,6":"20:40"
"2017-12-21":"3194U":"MADRID, CIUDAD UNIVERSITARIA":"MADRID":"664":"6,6":"0,0":"-0,8":"07:20":"14,1":"14:20":"32":"0,8":"4,2":"02:10"
"2017-12-22":"3194U":"MADRID, CIUDAD UNIVERSITARIA":"MADRID":"664":"7,0":"0,0":"-1,0":"08:00":"14,9":"15:10":"21":"0,0":"3,1":"15:00"
"2017-12-23":"3194U":"MADRID, CIUDAD UNIVERSITARIA":"MADRID":"664":"5,7":"0,0":"-1,8":"07:00":"13,2":"14:10":"08":"1,9":"8,6":"10:00"
"2017-12-24":"3194U":"MADRID, CIUDAD UNIVERSITARIA":"MADRID":"664":"6,0":"0,0":"-0,4":"08:00":"12,3":"14:40":"99":"0,8":"3,6":"Varias"
"2017-12-25":"3194U":"MADRID, CIUDAD UNIVERSITARIA":"MADRID":"664":"2,3":"1,9":"-1,5":"06:00":"6,1":"13:30":"24":"0,6":"4,4":"13:40"
"2017-12-26":"3194U":"MADRID, CIUDAD UNIVERSITARIA":"MADRID":"664":"4,9":"2,8":"2,1":"07:00":"7,7":"14:20":"99":"2,5":"11,4":"Varias"
"2017-12-27":"3194U":"MADRID, CIUDAD UNIVERSITARIA":"MADRID":"664":"8,6":"0,1":"5,4":"Varias":"11,9":"13:40":"30":"3,3":"17,8":"09:40"
"2017-12-28":"3194U":"MADRID, CIUDAD UNIVERSITARIA":"MADRID":"664":"10,0":"0,0":"5,0":"04:50":"15,0":"15:40":"30":"3,1":"16,4":"20:40"
"2017-12-29":"3194U":"MADRID, CIUDAD UNIVERSITARIA":"MADRID":"664":"12,4":"0,0":"7,9":"06:20":"16,8":"14:40":"29":"2,2":"13,6":"00:40"
"2017-12-30":"3194U":"MADRID, CIUDAD UNIVERSITARIA":"MADRID":"664":"10,6":"0,0":"4,4":"23:59":"16,7":"14:00":"28":"1,4":"6,7":"12:10"
"2017-12-31":"3194U":"MADRID, CIUDAD UNIVERSITARIA":"MADRID":"664":"7,6":"0,9":"3,6":"01:40":"11,5":"15:00":"29":"2,8":"13,3":"21:50"
