,acq_date,latitude,longitude,provincias
0,2018-01-01,43.5241,-5.7169,Asturias
1,2018-01-01,43.5259,-5.7361,Asturias
2,2018-01-01,37.0116,-2.1772,Almeria
3,2018-01-03,38.2577,-1.6236,Noroeste
4,2018-01-03,36.3733,-5.3191,Campo de Gibraltar
5,2018-01-03,37.714,-5.8597,Sevilla
6,2018-01-04,39.6224,-0.2892,Valencia
7,2018-01-04,39.6262,-0.2381,Valencia
8,2018-01-04,39.6392,-0.2397,Valencia
9,2018-01-04,39.6372,-0.2653,Valencia
10,2018-01-05,41.6084,0.5166,Lleida
11,2018-01-05,39.8986,-3.8603,Las Vegas
12,2018-01-05,37.0141,-2.1759,Almeria
13,2018-01-05,38.9895,-0.2351,Valencia
14,2018-01-05,41.8659,-1.2673,Ribera Alta del Ebro
15,2018-01-05,41.4438,0.5282,Segrià
16,2018-01-05,41.8318,2.6958,Selva
17,2018-01-06,38.8016,-6.8305,Tierra de Badajoz
18,2018-01-06,38.845,-6.4377,Tierra de Barros
19,2018-01-08,39.8215,-4.9015,Toledo
20,2018-01-08,39.8698,-4.317,Toledo
21,2018-01-10,38.6738,-4.0449,Campo de Calatrava
22,2018-01-11,38.9862,-0.1752,Valencia
23,2018-01-12,41.2724,-0.9214,Comarca de Campo de Cariñena
24,2018-01-12,42.3461,2.4835,Céret
25,2018-01-12,40.3875,-1.1633,Teruel
26,2018-01-12,42.3443,2.4715,Girona
27,2018-01-15,37.637,-4.5888,Cordova
28,2018-01-15,39.3292,-5.3669,Cáceres
29,2018-01-15,38.9597,-5.7715,Badajoz
30,2018-01-17,36.7601,-3.5804,Comarca de la Costa Granadina
31,2018-01-17,36.7577,-3.5859,Comarca de la Costa Granadina
32,2018-01-17,37.7647,-1.6963,Alto Guadalentín
33,2018-01-17,40.2309,-2.0878,Cuenca
34,2018-01-17,40.2327,-2.0759,Cuenca
35,2018-01-17,39.9102,-2.826,Cuenca
36,2018-01-17,39.6534,-2.8139,Cuenca
37,2018-01-17,39.6463,-2.7993,Cuenca
38,2018-01-17,39.6359,-2.1016,Cuenca
39,2018-01-17,39.2073,-1.7646,Albacete
40,2018-01-17,38.0989,-1.5701,Río Mula
41,2018-01-17,41.043,-2.6434,Guadalajara
42,2018-01-17,41.4341,-2.5132,Comarca de Almazán
43,2018-01-17,40.8056,-1.3443,Teruel
44,2018-01-17,43.5246,-5.737,Asturias
45,2018-01-18,37.4363,-2.0349,Valle del Almanzora
46,2018-01-18,43.5248,-5.7375,Asturias
47,2018-01-19,40.725,-3.0723,Guadalajara
48,2018-01-19,41.5907,0.3655,Bajo Cinca / Baix Cinca
49,2018-01-19,42.4081,2.012,Prades
50,2018-01-20,37.5191,-7.4921,El Andévalo
51,2018-01-20,41.3275,-1.7046,Zaragoza
52,2018-01-20,40.2324,-6.5399,Cáceres
53,2018-01-21,41.631,0.7503,Lleida
54,2018-01-21,41.6288,0.7631,Pla d'Urgell
55,2018-01-21,43.5255,-5.7283,Asturias
56,2018-01-21,43.523999999999994,-5.7384,Asturias
57,2018-01-21,39.4131,-0.3726,Valencia
58,2018-01-21,38.1789,-0.8649,Albatera
59,2018-01-22,39.8213,-4.8868,Toledo
60,2018-01-22,38.0792,-5.0738,Cordova
61,2018-01-22,37.2479,-6.4532,El Condado
62,2018-01-22,40.2907,-1.1325,Teruel
63,2018-01-22,39.821,-4.8969,Toledo
64,2018-01-22,42.1067,-0.9826,Cinco Villas
65,2018-01-22,41.3092,-1.7535,Zaragoza
66,2018-01-22,41.3108,-1.7383,Zaragoza
67,2018-01-22,40.7623,-5.3485,Tierra de Peñaranda
68,2018-01-22,43.5213,-5.7333,Asturias
69,2018-01-23,42.3006,1.1922,Alt Urgell
70,2018-01-23,42.3023,1.1802,Lleida
71,2018-01-23,37.4266,-1.6176,Alto Guadalentín
72,2018-01-24,38.7283,-1.2849,Albacete
73,2018-01-24,39.9153,-4.1128,Comarca de la Sagra
74,2018-01-24,40.3157,-1.1248,Teruel
75,2018-01-24,40.3173,-1.1128,Teruel
76,2018-01-24,39.6453,-3.9519,Toledo
77,2018-01-24,39.0862,-4.4285,Montes
78,2018-01-24,38.2834,-3.5993,Jaén
79,2018-01-24,37.8277,-3.7841,Jaén
80,2018-01-24,37.995,-1.4545,Río Mula
81,2018-01-24,41.0963,-1.4092,Zaragoza
82,2018-01-24,42.3019,-6.5679,León
83,2018-01-25,39.3072,-0.4655,Valencia
84,2018-01-28,41.4316,-6.5382,Mogadouro
85,2018-01-28,41.4355,-6.5451,Braganza District
86,2018-01-29,38.7022,-6.6658,Tierra de Barros
87,2018-01-29,38.8878,-6.7224,Tierra de Badajoz
88,2018-01-29,39.1981,-5.5487,Badajoz
89,2018-01-29,38.7864,-6.3338,Badajoz
90,2018-01-30,42.3943,1.0637,Pallars Sobirà
91,2018-01-30,41.1127,1.1887,Tarragona
92,2018-01-30,41.1147,1.1766,Tarragona
93,2018-01-30,42.3868,1.0562,Pallars Sobirà
94,2018-01-31,40.6659,-6.6071,Comarca de Ciudad Rodrigo
95,2018-01-31,40.6665,-6.5963,Comarca de Ciudad Rodrigo
96,2018-01-31,40.6629,-6.5917,Comarca de Ciudad Rodrigo
97,2018-01-31,42.2329,-6.3604,León
98,2018-01-31,38.8767,-7.1148,Elvas
99,2018-01-31,36.9157,-5.6009,Cádiz
100,2018-01-31,38.8743,-7.1283,Elvas
101,2018-01-31,41.3186,-1.7424,Zaragoza
102,2018-01-31,41.312,-1.7477,Zaragoza
103,2018-01-31,43.2241,-1.6152,Navarre
104,2018-01-31,42.2313,-6.3706,León
105,2018-01-31,40.6599,-6.6015,Comarca de Ciudad Rodrigo
106,2018-01-31,43.5248,-5.7374,Asturias
107,2018-02-02,39.0421,-7.1823,Arronches
108,2018-02-02,38.4125,-6.4646,Zafra - Río Bodión
109,2018-02-02,38.7548,-6.9613,Tierra de Badajoz
110,2018-02-02,38.9439,-2.0458,Albacete
111,2018-02-02,38.9458,-2.0341,Albacete
112,2018-02-05,41.8861,-6.6770000000000005,Bragança
113,2018-02-05,41.8938,-6.6921,Bragança
114,2018-02-05,41.8954,-6.6792,Bragança
115,2018-02-05,41.8845,-6.6901,Bragança
116,2018-02-06,42.007,-4.0974,Palencia
117,2018-02-06,40.7517,-6.9882,Pinhel
118,2018-02-07,38.9757,-5.9681,Badajoz
119,2018-02-07,38.9846,-5.9704,Badajoz
120,2018-02-07,38.7545,-6.9672,Badajoz
121,2018-02-08,37.3295,-6.2473,Sevilla
122,2018-02-08,37.3276,-6.2274,Sevilla
123,2018-02-08,37.3392,-6.2258,Sevilla
124,2018-02-09,37.328,-3.1729,Comarca de Guadix
125,2018-02-09,39.9131,-4.1135,Comarca de la Sagra
126,2018-02-10,40.9787,-5.5431,Las Villas
127,2018-02-10,41.583999999999996,-6.443,Vimioso
128,2018-02-11,38.7134,-5.5087,Badajoz
129,2018-02-11,37.2426,-6.4506,El Condado
130,2018-02-11,37.2408,-6.4393,El Condado
131,2018-02-11,37.4959,-7.2524,El Andévalo
132,2018-02-11,37.6052,-4.7613,Cordova
133,2018-02-11,36.8069,-4.6037,Malaga
134,2018-02-11,41.5953,0.2966,Bajo Cinca / Baix Cinca
135,2018-02-12,40.1011,-5.6209,Cáceres
136,2018-02-13,38.494,-4.7896,Cordova
137,2018-02-14,37.4279,-2.6917,Comarca de Baza
138,2018-02-14,37.4264,-2.7054,Comarca de Baza
139,2018-02-14,38.8888,-6.0715,Badajoz
140,2018-02-14,38.8904,-6.06,Badajoz
141,2018-02-15,39.8794,-0.1955,Castelló / Castellón
142,2018-02-15,41.2078,-0.0473,Zaragoza
143,2018-02-15,41.1762,1.2316,Tarragona
144,2018-02-15,41.1852,1.2341,Tarragonès
145,2018-02-15,41.2972,1.3409,Tarragona
146,2018-02-15,41.5774,0.3261,Bajo Cinca / Baix Cinca
147,2018-02-15,41.5557,0.4683,Lleida
148,2018-02-15,39.6676,-0.8216,Valencia
149,2018-02-15,39.8812,-0.2071,Castelló / Castellón
150,2018-02-15,37.2207,-7.2265,Costa Occidental
151,2018-02-15,37.2546,-5.5574,Sevilla
152,2018-02-15,37.201,-3.8453,Comarca de la Vega de Granada
153,2018-02-15,37.8263,-0.8708,Campo de Cartagena
154,2018-02-15,39.0446,-0.5487,Valencia
155,2018-02-15,41.1822,1.2312,Tarragona
156,2018-02-15,41.178999999999995,1.2147,Tarragona
157,2018-02-16,37.4307,-1.7023,Alto Guadalentín
158,2018-02-16,37.4176,-1.7137,Almeria
159,2018-02-16,37.416,-1.7069,Almeria
160,2018-02-16,37.6037,-4.7715,Cordova
161,2018-02-16,37.2011,-3.8451,Comarca de la Vega de Granada
162,2018-02-16,37.4275,-1.7127,Alto Guadalentín
163,2018-02-16,39.0668,-5.6514,Badajoz
164,2018-02-16,38.719,-5.5076,Badajoz
165,2018-02-16,39.0145,-6.9464,Tierra de Badajoz
166,2018-02-18,41.4715,-5.8196,Zamora
167,2018-02-18,39.1003,-6.324,Badajoz
168,2018-02-18,39.0556,-5.8881,Badajoz
169,2018-02-18,39.0452,-5.7697,Badajoz
170,2018-02-18,39.0508,-5.7759,Badajoz
171,2018-02-18,39.1516,-5.4803,Badajoz
172,2018-02-18,38.8281,-6.247999999999999,Badajoz
173,2018-02-18,38.8457,-6.2954,Badajoz
174,2018-02-18,38.8588,-6.1677,Badajoz
175,2018-02-18,38.861,-6.1802,Badajoz
176,2018-02-18,38.8302,-6.2605,Badajoz
177,2018-02-18,40.2202,-1.1694,Teruel
178,2018-02-18,41.8368,-1.2379,Ribera Alta del Ebro
179,2018-02-19,40.3394,0.1342,Castelló / Castellón
180,2018-02-19,39.6383,-0.2714,Valencia
181,2018-02-19,40.3411,0.1164,Castellon
182,2018-02-20,42.0842,-6.1375,Zamora
183,2018-02-20,42.0752,-6.1396,Zamora
184,2018-02-20,38.2158,-5.4793,Cordova
185,2018-02-20,38.17,-4.4069,Cordova
186,2018-02-20,38.1718,-4.4188,Cordova
187,2018-02-20,38.9013,-6.9755,Badajoz
188,2018-02-20,38.711,-4.8447,Valle de Alcudia
189,2018-02-20,39.1456,-5.6409,Cáceres
190,2018-02-20,39.0347,-0.5943,Valencia
191,2018-02-20,37.4502,-1.7726,Alto Guadalentín
192,2018-02-20,39.3156,-5.5405,Cáceres
193,2018-02-20,40.056,-4.6214,Toledo
194,2018-02-20,39.3765,-7.1572,Caceres
195,2018-02-20,37.3566,-6.6713,El Condado
196,2018-02-20,37.5232,-5.6694,Sevilla
197,2018-02-20,39.0957,-5.7728,Badajoz
198,2018-02-20,39.1596,-5.6659,Cáceres
199,2018-02-20,39.0965,-5.7659,Badajoz
200,2018-02-21,42.53,-6.9081,El Bierzo
201,2018-02-21,42.5289,-6.9134,El Bierzo
202,2018-02-21,42.5235,-6.8889,El Bierzo
203,2018-02-21,41.9565,-8.4304,Arcos de Valdevez
204,2018-02-21,36.7372,-5.9854,Cádiz
205,2018-02-21,37.2061,-3.9968,Comarca de Loja
206,2018-02-21,37.216,-3.9985,Comarca de Loja
207,2018-02-21,38.8621,-6.1692,Badajoz
208,2018-02-21,40.8547,-6.8361,Figueira de Castelo Rodrigo
209,2018-02-21,40.0557,-5.8056,Cáceres
210,2018-02-21,40.0572,-5.7926,Caceres
211,2018-02-21,40.048,-5.0905,Toledo
212,2018-02-21,39.9841,-5.5522,Cáceres
213,2018-02-21,39.1949,-5.4536,Cáceres
214,2018-02-21,39.1964,-5.4406,Cáceres
215,2018-02-21,39.1496,-5.6378,Cáceres
216,2018-02-21,39.1354,-5.5955,Badajoz
217,2018-02-21,38.9243,-6.8282,Tierra de Badajoz
218,2018-02-21,38.8503,-6.6972,Badajoz
219,2018-02-21,41.9959,-5.6593,Zamora
220,2018-02-21,42.0056,-5.6613,Zamora
221,2018-02-21,42.0092,-5.6544,Zamora
222,2018-02-21,41.7405,-8.211,Braga
223,2018-02-21,42.5239,-6.9049,El Bierzo
224,2018-02-21,42.5223,-6.9179,Leon
225,2018-02-22,41.3288,-1.7021,Zaragoza
226,2018-02-22,41.968999999999994,-0.4354,Los Monegros
227,2018-02-22,41.9671,-0.4233,Los Monegros
228,2018-02-22,41.3002,-0.726,Zaragoza
229,2018-02-22,40.6508,0.6322,Tarragona
230,2018-02-22,40.9496,-1.5147,Teruel
231,2018-02-22,37.5206,-6.0367,Sevilla
232,2018-02-22,39.8067,-7.3186,Castelo Branco
233,2018-02-22,39.299,-6.5693,Cáceres
234,2018-02-22,38.7396,-4.8468,Valle de Alcudia
235,2018-02-22,38.9163,-6.4114,Badajoz
236,2018-02-22,37.209,-3.9869,Comarca de Loja
237,2018-02-22,38.2085,-1.3399,Vega Alta del Segura
238,2018-02-22,37.2106,-3.9982,Comarca de Loja
239,2018-02-22,36.3216,-5.3982,Campo de Gibraltar
240,2018-02-22,42.585,2.9007,Elne
241,2018-02-22,42.586999999999996,2.9131,Elne
242,2018-02-22,41.9693,-0.4407,Huesca
243,2018-02-22,41.9724,-0.4244,Los Monegros
244,2018-02-22,41.958999999999996,-0.4372,Huesca
245,2018-02-22,41.9622,-0.4209,Los Monegros
246,2018-02-22,42.2179,3.0454,Upper Empordà
247,2018-02-22,41.3278,-1.7108,Zaragoza
248,2018-02-22,42.1221,-1.9144,Rioja
249,2018-02-22,42.1234,-1.9080000000000001,La Rioja
250,2018-02-23,41.8624,-7.2142,Chaves
251,2018-02-23,40.194,-5.8696,Caceres
252,2018-02-23,37.5915,-7.0934,El Andévalo
253,2018-02-23,41.3199,-1.7245,Zaragoza
254,2018-02-23,42.1364,-0.3682,Huesca
255,2018-02-23,41.3183,-1.7397,Zaragoza
256,2018-02-23,40.6195,-6.9498,Almeida
257,2018-02-23,40.6214,-6.938,Almeida
258,2018-02-23,41.0095,-4.1516,Segovia
259,2018-02-23,40.195,-5.9011,Cáceres
260,2018-02-23,40.1967,-5.8896,Cáceres
261,2018-02-23,40.1911,-4.6282,Toledo
262,2018-02-23,40.6617,0.7788,Tarragona
263,2018-02-23,40.236999999999995,-0.6331,Teruel
264,2018-02-23,40.2416,-0.6275,Gúdar-Javalambre
265,2018-02-23,38.8989,-6.5122,Badajoz
266,2018-02-23,38.865,-6.1964,Badajoz
267,2018-02-23,38.8667,-6.1849,Badajoz
268,2018-02-23,42.0073,-8.5417,Valença
269,2018-02-23,42.698,-6.4223,El Bierzo
270,2018-02-23,42.0052,-8.5546,Valença
271,2018-02-23,41.9961,-8.5512,Valença
272,2018-02-23,42.6963,-6.4343,El Bierzo
273,2018-02-24,43.5387,-5.8252,Asturias
274,2018-02-24,43.5357,-5.8317,Asturias
275,2018-02-24,42.2673,-1.7548,Navarre
276,2018-02-24,41.6125,-1.2871,Valdejalón
277,2018-02-24,41.9461,-1.2921,Cinco Villas
278,2018-02-24,42.043,-1.1006,Cinco Villas
279,2018-02-24,42.0447,-1.114,Cinco Villas
280,2018-02-24,42.049,-1.1064,Cinco Villas
281,2018-02-24,41.1467,-6.7865,Braganza District
282,2018-02-24,41.1485,-6.8088,Braganza District
283,2018-02-24,40.3788,0.3908,Castellon
284,2018-02-24,41.1488,-6.8019,Freixo de Espada à Cinta
285,2018-02-24,40.6947,0.5699,Tarragona
286,2018-02-24,41.0907,-0.0212,Bajo Aragón
287,2018-02-24,41.0924,-0.0333,Bajo Aragón
288,2018-02-24,41.1806,1.2324,Tarragonès
289,2018-02-24,39.1237,-5.7925,Badajoz
290,2018-02-24,38.9037,-3.0799,Campo de Montiel
291,2018-02-24,41.8088,-7.6926,Montalegre
292,2018-02-24,41.8043,-7.6998,Vila Real
293,2018-02-24,41.7294,-7.4355,Vila Real
294,2018-02-25,42.5579,-6.9538,El Bierzo
295,2018-02-25,39.6859,-6.6777,Cáceres
296,2018-02-25,40.1375,-6.3697,Cáceres
297,2018-02-25,40.5213,-5.8526,Sierra de Francia
298,2018-02-25,41.8125,-7.6233,Montalegre
299,2018-02-25,41.9887,-8.4965,Viana do Castelo
300,2018-02-25,41.8442,-6.5892,Bragança
301,2018-02-25,41.8464,-6.6022,Bragança
302,2018-02-25,41.633,-4.6848,Valladolid
303,2018-02-25,42.1926,-6.0263,León
304,2018-02-25,42.5556,-6.9403,El Bierzo
305,2018-02-25,39.0992,-5.5793,Badajoz
306,2018-02-25,38.9638,-7.0464,Campo Maior
307,2018-02-25,39.1239,-5.8227,Cáceres
308,2018-02-25,38.8055,-6.6072,Tierra de Badajoz
309,2018-02-25,38.0017,-3.9864,Jaén
310,2018-02-25,41.7792,-1.2046,Zaragoza
311,2018-02-25,41.7715,-1.21,Ribera Alta del Ebro
312,2018-02-25,40.6918,-6.968,Almeida
313,2018-02-25,40.3596,-6.9047,Sabugal
314,2018-02-25,40.3314,-6.9427,Sabugal
315,2018-02-25,40.3243,-6.9349,Sabugal
316,2018-02-25,40.4826,-5.9881,Salamanca
317,2018-02-25,42.1555,-1.1356,Cinco Villas
318,2018-02-25,40.2953,-4.8385,Avila
319,2018-02-25,40.1504,-4.7061,Toledo
320,2018-02-25,40.2904,-1.1364,Teruel
321,2018-02-25,40.4945,-5.862,Sierra de Béjar
322,2018-02-25,42.0912,-1.2189,Cinco Villas
323,2018-02-25,42.0928,-1.2063,Cinco Villas
324,2018-02-25,41.9222,-1.734,Zaragoza
325,2018-02-25,41.8438,-1.2837,Zaragoza
326,2018-02-25,42.5647,-6.9464,El Bierzo
327,2018-02-25,42.5614,-6.9548,El Bierzo
328,2018-02-25,42.5638,-6.9412,El Bierzo
329,2018-02-25,41.9851,-6.9882,Ourense
330,2018-02-25,41.9783,-6.0965,Zamora
331,2018-02-25,41.8351,-6.6108,Bragança
332,2018-02-25,41.8376,-6.5966,Bragança
333,2018-02-25,41.7885,-6.7015,Bragança
334,2018-02-25,41.3655,-6.6238,Mogadouro
335,2018-02-25,42.1447,-1.5839,Navarre
336,2018-02-25,42.1357,-1.5817,Navarre
337,2018-02-25,41.8534,-7.7433,Montalegre
338,2018-02-25,43.5315,-5.729,Asturias
339,2018-02-25,42.7566,-6.8651,El Bierzo
340,2018-02-26,42.3586,-1.5152,Navarre
341,2018-02-26,42.9386,-6.5414,Asturias
342,2018-02-26,42.4067,0.9043,Pallars Jussà
343,2018-02-26,42.3491,-1.5365,Navarre
344,2018-02-26,42.3473,-1.5166,Navarre
345,2018-02-26,42.3483,-1.5235,Navarre
346,2018-02-26,42.1257,-1.5727,Navarre
347,2018-02-26,42.9355,-6.5344,Asturias
348,2018-02-26,41.6519,0.4794,Segrià
349,2018-02-26,41.6503,0.4942,Segrià
350,2018-02-26,41.0641,-0.1742,Bajo Aragón
351,2018-02-26,37.4789,-1.724,Alto Guadalentín
352,2018-02-26,41.5389,-0.6622,Zaragoza
353,2018-02-26,41.5357,-0.6646,Zaragoza
354,2018-02-26,41.7559,-8.3014,Terras de Bouro
355,2018-02-26,42.6757,-6.841,Leon
356,2018-02-26,42.6826,-6.837000000000001,El Bierzo
357,2018-02-26,42.6709,-6.8336,El Bierzo
358,2018-02-26,42.275,-6.5055,León
359,2018-02-26,42.2769,-6.4815,León
360,2018-02-26,42.3618,-1.5554,La Jacetania
361,2018-02-26,42.3424,-1.6444,Navarre
362,2018-02-26,41.871,-7.7912,Montalegre
363,2018-02-26,41.8716,-7.7856,Montalegre
364,2018-02-26,41.8604,-7.664,Vila Real
365,2018-02-26,41.8709,-7.4242,Ourense
366,2018-02-26,41.7542,-8.3188,Vila Verde
367,2018-02-26,41.733000000000004,-8.3121,Terras de Bouro
368,2018-02-26,41.7428,-8.208,Terras de Bouro
369,2018-02-26,41.7761,-7.846,Montalegre
370,2018-02-26,41.7277,-8.3215,Vila Verde
371,2018-02-26,41.7294,-8.3041,Braga
372,2018-02-26,41.7556,-7.5597,Chaves
373,2018-02-26,41.6814,-7.3848,Valpaços
374,2018-02-26,40.3231,-6.8207,Sabugal
375,2018-02-26,40.3272,-6.8158,Sabugal
376,2018-02-26,43.5169,-5.737,Asturias
377,2018-02-26,41.876999999999995,-7.7422,Montalegre
378,2018-02-26,41.8774,-7.747999999999999,Montalegre
379,2018-02-27,41.7346,-8.231,Terras de Bouro
380,2018-02-27,41.7253,-8.2029,Braga
381,2018-02-27,41.7392,-8.2028,Terras de Bouro
382,2018-02-27,41.7326,-8.1975,Terras de Bouro
383,2018-02-27,42.2183,-3.8431,Burgos
384,2018-02-27,42.357,-1.6331,Navarre
385,2018-02-27,38.2317,-4.223,Cordova
386,2018-02-27,42.7169,-6.6613,El Bierzo
387,2018-02-27,42.4563,-1.661,Navarre
388,2018-02-27,42.2718,-2.0571,Rioja
389,2018-02-27,42.2477,-1.3392,Cinco Villas
390,2018-02-27,41.8804,-1.3754,Campo de Borja
391,2018-03-02,35.2157,-2.9791,caïdat de Bni Bouifrour القيادة بني بويفرور
392,2018-03-03,38.2254,-1.2817,Vega Alta del Segura
393,2018-03-03,28.1556,-16.4648,Santa Cruz de Tenerife
394,2018-03-08,37.533,-1.4038,Bajo Guadalentín
395,2018-03-08,39.9925,-0.1857,Castelló / Castellón
396,2018-03-08,43.1877,-3.5323,Cantabria
397,2018-03-08,43.3087,-5.0691,Asturias
398,2018-03-10,41.5292,2.1577,Barcelona
399,2018-03-10,43.2637,-4.3769,Cantabria
400,2018-03-10,43.2447,-4.3815,Saja-Nansa
401,2018-03-10,43.2047,-4.3232,Saja-Nansa
402,2018-03-10,43.1856,-4.327,Saja-Nansa
403,2018-03-10,42.5281,2.8291,Céret
404,2018-03-10,43.2853,-3.3467,Asón-Agüera
405,2018-03-10,43.2155,-4.0733,Besaya
406,2018-03-10,43.2084,-4.2421,Saja-Nansa
407,2018-03-10,43.2538,-4.371,Cantabria
408,2018-03-10,43.541000000000004,-5.8329,Asturias
409,2018-03-11,43.2736,-5.2409,Asturias
410,2018-03-11,41.5748,-0.8545,Zaragoza
411,2018-03-13,43.205,-4.3189,Saja-Nansa
412,2018-03-13,43.1917,-3.7251,Valles Pasiegos
413,2018-03-13,43.1859,-3.7194,Valles Pasiegos
414,2018-03-15,43.2758,-2.025,Gipuzkoa
415,2018-03-15,41.9203,0.1766,Huesca
416,2018-03-22,43.5235,-5.7361,Asturias
417,2018-03-22,43.5397,-5.8362,Asturias
418,2018-03-22,40.6133,-3.25,Guadalajara
419,2018-03-22,41.9632,-4.4913,Palencia
420,2018-03-22,39.0063,-6.1871,Badajoz
421,2018-03-22,38.7922,-0.2637,Alicante
422,2018-03-22,38.1054,-3.6257,Jaén
423,2018-03-22,41.7304,-1.0136,Ribera Alta del Ebro
424,2018-03-22,43.5404,-5.8326,Asturias
425,2018-03-24,39.1981,-0.4621,Valencia
426,2018-03-26,38.7138,-0.9693,Albacete
427,2018-03-27,41.232,-5.7831,Zamora
428,2018-03-27,38.2849,-0.7095,Alacant / Alicante
429,2018-03-27,38.2722,-0.7099,Alacant / Alicante
430,2018-03-27,40.3989,-5.757999999999999,Sierra de Béjar
431,2018-03-27,40.3972,-5.7696,Salamanca
432,2018-03-27,41.6763,-6.6201,Bragança
433,2018-03-27,43.5222,-5.7256,Asturias
434,2018-03-27,43.5205,-5.7379,Asturias
435,2018-03-27,41.8909,-6.9204,Vinhais
436,2018-03-27,41.8928,-6.9084,Vinhais
437,2018-03-27,41.7149,-7.2782,Valpaços
438,2018-03-28,41.5847,-0.6822,Zaragoza
439,2018-03-28,42.5088,-0.3541,Huesca
440,2018-03-28,42.5167,-0.3594,Huesca
441,2018-03-28,41.2835,-0.3477,Zaragoza
442,2018-03-28,41.2946,-0.1624,Zaragoza
443,2018-03-28,41.583999999999996,0.4172,Segrià
444,2018-03-28,37.2878,-2.1962,Valle del Almanzora
445,2018-03-28,38.667,-4.0466,Campo de Calatrava
446,2018-03-28,38.5352,-0.5927,Alacant / Alicante
447,2018-03-29,38.6674,-4.0487,Campo de Calatrava
448,2018-03-29,38.6636,-4.0522,Campo de Calatrava
449,2018-03-29,37.2984,-3.7134,Comarca de la Vega de Granada
450,2018-03-29,42.3389,-5.6415,León
451,2018-03-29,41.5979,-4.7241,Valladolid
452,2018-03-29,41.5999,-4.7117,Valladolid
453,2018-03-30,37.5564,-1.7501,Alto Guadalentín
454,2018-03-31,41.9642,-4.4903,Palencia
455,2018-03-31,41.9576,-4.4982,Palencia
456,2018-03-31,38.4843,-5.9808,Badajoz
457,2018-03-31,37.2301,-3.6422,Comarca de la Vega de Granada
458,2018-03-31,37.848,-4.7861,Cordova
459,2018-04-02,42.8656,-2.67,Araba / Álava
460,2018-04-02,42.3743,-2.7906,Rioja
461,2018-04-02,42.299,-2.1177,La Rioja
462,2018-04-02,42.3009,-2.1298,Rioja
463,2018-04-02,42.3725,-2.7787,La Rioja
464,2018-04-02,43.0663,-1.1087,Bayonne
465,2018-04-02,43.0767,-1.0506,Bayonne
466,2018-04-02,43.0543,-1.1186,Bayonne
467,2018-04-02,43.0569,-1.1042,Bayonne
468,2018-04-04,42.3559,2.4025,Ripollès
469,2018-04-04,37.3254,-2.3006,Valle del Almanzora
470,2018-04-04,38.6465,-0.9088,Alicante
471,2018-04-05,42.2339,-1.6775,Navarre
472,2018-04-05,42.2323,-1.6911,Navarre
473,2018-04-08,28.183000000000003,-16.605999999999998,Santa Cruz de Tenerife
474,2018-04-08,28.1932,-16.6038,Santa Cruz de Tenerife
475,2018-04-08,28.1917,-16.6138,Santa Cruz de Tenerife
476,2018-04-09,39.3064,-0.4231,Valencia
477,2018-04-09,38.8911,-2.1373,Albacete
478,2018-04-09,28.1973,-16.6087,Santa Cruz de Tenerife
479,2018-04-09,39.014,-1.8869,Albacete
480,2018-04-09,28.1941,-16.5993,Santa Cruz de Tenerife
481,2018-04-10,28.1929,-16.5995,Santa Cruz de Tenerife
482,2018-04-10,28.1897,-16.5926,Santa Cruz de Tenerife
483,2018-04-10,28.2004,-16.5899,Santa Cruz de Tenerife
484,2018-04-10,28.2019,-16.6033,Santa Cruz de Tenerife
485,2018-04-10,28.1914,-16.5857,Santa Cruz de Tenerife
486,2018-04-10,28.2022,-16.5836,Santa Cruz de Tenerife
487,2018-04-10,28.2036,-16.5967,Santa Cruz de Tenerife
488,2018-04-10,28.2048,-16.5872,Santa Cruz de Tenerife
489,2018-04-10,28.2071,-16.6007,Santa Cruz de Tenerife
490,2018-04-10,28.1548,-16.4848,Santa Cruz de Tenerife
491,2018-04-10,28.1913,-16.5832,Santa Cruz de Tenerife
492,2018-04-10,28.1934,-16.596,Santa Cruz de Tenerife
493,2018-04-10,28.1951,-16.5891,Santa Cruz de Tenerife
494,2018-04-10,28.1973,-16.6018,Santa Cruz de Tenerife
495,2018-04-10,28.1972,-16.6079,Santa Cruz de Tenerife
496,2018-04-10,28.1927,-16.6026,Santa Cruz de Tenerife
497,2018-04-11,37.8954,-5.8456,Sevilla
498,2018-04-11,37.2947,-1.8969999999999998,Almeria
499,2018-04-14,43.5234,-5.729,Asturias
500,2018-04-14,37.7023,-3.9722,Jaén
501,2018-04-14,43.2992,-5.1599,Asturias
502,2018-04-15,38.3821,-0.4924,Alacant / Alicante
503,2018-04-16,43.5408,-5.8291,Asturias
504,2018-04-16,37.2221,-3.6351,Comarca de la Vega de Granada
505,2018-04-16,37.2247,-3.6408,Comarca de la Vega de Granada
506,2018-04-16,37.3861,-3.1710000000000003,Comarca de Guadix
507,2018-04-16,38.6079,-0.5907,Alacant / Alicante
508,2018-04-16,43.531000000000006,-5.7381,Asturias
509,2018-04-16,43.5218,-5.7357,Asturias
510,2018-04-17,43.3453,-3.5575,Trasmiera
511,2018-04-17,41.8508,-7.0846,Vinhais
512,2018-04-17,42.4041,-6.2946,Maragatería
513,2018-04-17,41.7319,-7.246,Valpaços
514,2018-04-17,43.521,-5.7325,Asturias
515,2018-04-18,42.9924,-1.2414,Navarre
516,2018-04-18,43.5395,-5.8259,Asturias
517,2018-04-18,43.5278,-5.7289,Asturias
518,2018-04-18,43.3496,-4.5446,Asturias
519,2018-04-18,43.1192,-3.9284,Valles Pasiegos
520,2018-04-18,43.1103,-3.9305,Valles Pasiegos
521,2018-04-18,43.1086,-3.9185,Valles Pasiegos
522,2018-04-18,43.1035,-3.8816,Valles Pasiegos
523,2018-04-18,43.0997,-3.9209,Valles Pasiegos
524,2018-04-18,43.0822,-3.8615,Valles Pasiegos
525,2018-04-18,43.0507,-3.9005,Campoo-Los Valles
526,2018-04-18,43.049,-3.8883,Cantabria
527,2018-04-18,42.8631,-2.6685,Araba / Álava
528,2018-04-18,42.8597,-2.7071,Araba / Álava
529,2018-04-18,42.4021,-6.3622,Maragatería
530,2018-04-18,41.8492,-8.8392,Viana do Castelo
531,2018-04-18,42.8367,-2.7384,Araba / Álava
532,2018-04-18,41.8475,-8.8219,Viana do Castelo
533,2018-04-18,40.9008,-5.4433,Las Villas
534,2018-04-18,40.5476,-3.7668,Área metropolitana de Madrid y Corredor del Henares
535,2018-04-18,39.4803,-0.722,Valencia
536,2018-04-18,39.4779,-0.7083,Valencia
537,2018-04-18,42.4037,-6.376,Maragatería
538,2018-04-18,42.8407,0.6193,Saint-Gaudens
539,2018-04-18,42.8384,0.6319,Saint-Gaudens
540,2018-04-18,43.1483,-1.4041,Bayonne
541,2018-04-18,43.0805,-1.3265,Navarre
542,2018-04-18,43.0784,-1.3134,Navarre
543,2018-04-18,37.454,-1.4921,Alto Guadalentín
544,2018-04-18,37.2709,-5.5603,Sevilla
545,2018-04-18,37.4285,-1.71,Alto Guadalentín
546,2018-04-18,37.8036,-3.6098,Jaén
547,2018-04-18,38.3378,-4.7647,Cordova
548,2018-04-18,38.6667,-4.0491,Campo de Calatrava
549,2018-04-18,38.6684,-4.0605,Ciudad Real
550,2018-04-18,38.6177,-0.5857,Alacant / Alicante
551,2018-04-18,39.0181,-1.8829,Albacete
552,2018-04-18,39.6158,-3.3554,Toledo
553,2018-04-18,39.8893,-4.9079,Toledo
554,2018-04-18,43.1235,-6.1684,Asturias
555,2018-04-18,43.1286,-6.1463,Asturias
556,2018-04-18,43.5161,-5.7409,Asturias
557,2018-04-18,41.9094,-6.565,Bragança
558,2018-04-18,41.9029,-6.593,Bragança
559,2018-04-18,41.903,-6.5692,Bragança
560,2018-04-18,43.0779,-1.328,Navarre
561,2018-04-18,43.0753,-1.3419,Navarre
562,2018-04-18,43.0796,-1.3191,Navarre
563,2018-04-18,43.0771,-1.3325,Navarre
564,2018-04-18,42.86600000000001,-2.6712,Araba / Álava
565,2018-04-18,43.1491,-1.3911,Saint-Étienne-de-Baïgorry
566,2018-04-18,43.1466,-1.4047,Bayonne
567,2018-04-18,43.0966,-3.8680000000000003,Valles Pasiegos
568,2018-04-18,43.0921,-3.8899,Cantabria
569,2018-04-18,43.1177,-3.9384,Valles Pasiegos
570,2018-04-18,43.2769,-5.356,Asturias
571,2018-04-18,43.1244,-6.1626,Asturias
572,2018-04-18,43.201,-4.0901,Besaya
573,2018-04-18,43.5216,-5.734,Asturias
574,2018-04-19,43.1392,-3.7405,Valles Pasiegos
575,2018-04-19,43.1371,-3.7277,Valles Pasiegos
576,2018-04-19,43.0254,-0.6702,Accous
577,2018-04-19,43.0836,-1.3112,Navarre
578,2018-04-19,43.0381,-3.8712,Burgos
579,2018-04-19,43.15,-3.9401,Valles Pasiegos
580,2018-04-19,43.1007,-8.8223,Xallas
581,2018-04-19,41.9362,-6.3439,Zamora
582,2018-04-19,43.0906,-8.8259,Corunna
583,2018-04-19,41.9419,-6.3517,Zamora
584,2018-04-19,41.9758,-6.9858,Vinhais
585,2018-04-19,42.1477,-6.5963,Zamora
586,2018-04-19,42.1461,-6.6085,Zamora
587,2018-04-19,41.9328,-6.3495,Zamora
588,2018-04-20,43.1011,-5.5568,Asturias
589,2018-04-20,43.3026,-5.6461,Asturias
590,2018-04-20,43.1923,-2.4867,Gipuzkoa
591,2018-04-20,43.0082,-1.3994,Navarre
592,2018-04-20,43.0386,-1.2177,Navarre
593,2018-04-20,43.1726,-3.4515,Cantabria
594,2018-04-20,43.2174,-3.667,Asón-Agüera
595,2018-04-20,43.1429,-3.8152,Cantabria
596,2018-04-20,43.1814,-1.528,Navarre
597,2018-04-20,41.7654,-8.2189,Terras de Bouro
598,2018-04-20,40.6951,-6.2984,Comarca de Ciudad Rodrigo
599,2018-04-20,41.7641,-8.2263,Terras de Bouro
600,2018-04-20,42.9774,-7.2255,Lugo
601,2018-04-20,43.2127,-3.9133,Cantabria
602,2018-04-20,43.22,-3.8826,Cantabria
603,2018-04-20,43.2897,-4.982,Asturias
604,2018-04-20,43.292,-4.9687,Asturias
605,2018-04-20,43.1495,-3.8784,Valles Pasiegos
606,2018-04-21,43.1851,-4.2076,Saja-Nansa
607,2018-04-21,43.244,-4.381,Saja-Nansa
608,2018-04-21,43.2457,-4.3938,Cantabria
609,2018-04-21,43.1483,-3.8719,Valles Pasiegos
610,2018-04-21,43.1655,-4.2,Saja-Nansa
611,2018-04-21,43.1672,-4.2124,Saja-Nansa
612,2018-04-21,43.1745,-4.1976,Cantabria
613,2018-04-21,43.1762,-4.2099,Saja-Nansa
614,2018-04-21,43.1446,-3.9113,Cantabria
615,2018-04-21,43.1835,-4.1953,Saja-Nansa
616,2018-04-21,43.1832,-1.3672,Bayonne
617,2018-04-21,43.1793,-1.3659999999999999,Bayonne
618,2018-04-21,43.044,-1.0275,Tardets-Sorholus
619,2018-04-21,43.0458,-1.0108,Oloron-Sainte-Marie
620,2018-04-21,43.1889,-1.369,Saint-Étienne-de-Baïgorry
621,2018-04-23,41.8066,-6.8873,Bragança
622,2018-04-23,37.446,-1.4926,Alto Guadalentín
623,2018-04-23,42.3498,-3.6519999999999997,Burgos
624,2018-04-23,41.9146,-6.7356,Bragança
625,2018-04-23,41.9177,-6.7191,Braganza District
626,2018-04-24,38.4185,-1.348,Altiplano
627,2018-04-24,36.8811,-2.747,Almeria
628,2018-04-24,36.8794,-2.7281,Almeria
629,2018-04-24,36.8773,-2.7285,Almeria
630,2018-04-24,36.8877,-2.7627,Almeria
631,2018-04-24,36.89,-2.7341,Almeria
632,2018-04-24,36.8748,-2.7603,Almeria
633,2018-04-24,41.6278,-6.4931,Braganza District
634,2018-04-24,41.6261,-6.5112,Vimioso
635,2018-04-24,42.0081,-8.607999999999999,Viana do Castelo
636,2018-04-25,41.8226,-8.2885,Ponte da Barca
637,2018-04-25,41.7356,-8.3268,Vila Verde
638,2018-04-25,41.7451,-8.324,Vila Verde
639,2018-04-25,41.644,-6.6431,Bragança
640,2018-04-25,41.6456,-6.6551,Bragança
641,2018-04-25,41.6755,-4.7134,Valladolid
642,2018-04-25,39.5938,-0.3098,Valencia
643,2018-04-25,41.9489,-8.5309,Viana do Castelo
644,2018-04-26,41.7448,-8.2052,Terras de Bouro
645,2018-04-26,42.0272,-8.5605,Valença
646,2018-04-26,42.6495,-5.7114,León
647,2018-04-26,42.6564,-5.7405,León
648,2018-04-27,40.1436,-3.8016,Comarca de la Sagra
649,2018-04-27,42.8638,-2.6661,Araba / Álava
650,2018-04-27,42.2512,1.8653,Barcelona
651,2018-04-27,43.5361,-5.8267,Asturias
652,2018-04-27,37.0724,-3.5914,Comarca de la Vega de Granada
653,2018-04-27,39.0878,-5.0121,Badajoz
654,2018-04-27,39.0894,-5.0245,Badajoz
655,2018-04-27,38.5997,-0.67,Alacant / Alicante
656,2018-04-27,39.3835,-0.4126,Valencia
657,2018-04-27,37.43,-1.5775,Alto Guadalentín
658,2018-04-27,37.4234,-1.712,Almeria
659,2018-04-27,37.3543,-3.1822,Comarca de Guadix
660,2018-04-27,41.8669,-8.792,Caminha
661,2018-04-28,37.4083,-5.961,Sevilla
662,2018-04-30,40.9266,-6.5253,Comarca de Vitigudino
663,2018-05-01,41.5456,-0.8134,Zaragoza
664,2018-05-01,41.5396,-0.8074,Zaragoza
665,2018-05-01,41.5413,-0.8244,Zaragoza
666,2018-05-02,39.4846,-6.419,Caceres
667,2018-05-02,39.7179,-3.0762,Cuenca
668,2018-05-02,40.263000000000005,-3.7507,Madrid
669,2018-05-02,37.2185,-3.6384,Comarca de la Vega de Granada
670,2018-05-03,42.2459,-6.6877,León
671,2018-05-03,42.2542,-6.7055,León
672,2018-05-03,42.2559,-6.6891,León
673,2018-05-03,42.2442,-6.7037,León
674,2018-05-04,39.0762,-6.1409,Cáceres
675,2018-05-04,38.422,-6.4016,Zafra - Río Bodión
676,2018-05-04,38.7996,-7.1241,Tierra de Badajoz
677,2018-05-04,38.6423,-5.0492,Cordova
678,2018-05-04,38.6711,-4.0452,Campo de Calatrava
679,2018-05-04,38.5457,-3.176,Campo de Montiel
680,2018-05-04,39.0778,-6.153,Cáceres
681,2018-05-04,39.132,-3.0732,Ciudad Real
682,2018-05-04,40.2476,-3.707,Madrid
683,2018-05-04,40.6183,-3.2802,Guadalajara
684,2018-05-04,43.5413,-5.8376,Asturias
685,2018-05-05,41.956,-8.2085,Melgaço
686,2018-05-06,43.5369,-5.8260000000000005,Asturias
687,2018-05-06,43.3244,-6.733,Asturias
688,2018-05-06,37.7057,-0.9947,Campo de Cartagena
689,2018-05-06,37.7074,-1.0059,Campo de Cartagena
690,2018-05-06,41.7248,-7.2537,Valpaços
691,2018-05-06,42.2323,-6.7142,León
692,2018-05-06,43.4503,-6.6077,Asturias
693,2018-05-07,43.1949,-4.4214,Saja-Nansa
694,2018-05-07,43.0556,-7.9947,Corunna
695,2018-05-07,41.8825,-8.613,Paredes de Coura
696,2018-05-07,42.0359,-8.3987,Monção
697,2018-05-08,37.2809,-6.1041,Sevilla
698,2018-05-08,42.4012,-7.3004,Ourense
699,2018-05-08,42.4056,-7.3215,Ourense
700,2018-05-09,38.1871,-0.9732,Oriental
701,2018-05-09,42.0043,-4.5133,Palencia
702,2018-05-09,37.2274,-3.6348,Comarca de la Vega de Granada
703,2018-05-10,42.336000000000006,-8.0057,Ourense
704,2018-05-10,42.7659,-8.5097,Corunna
705,2018-05-10,42.3446,-8.0408,Ourense
706,2018-05-10,42.7665,-8.4824,Corunna
707,2018-05-10,41.8897,-6.6797,Bragança
708,2018-05-10,42.0022,-8.5665,Valença
709,2018-05-10,42.3383,-8.0292,Ourense
710,2018-05-10,42.3367,-8.0446,Ourense
711,2018-05-10,42.3396,-8.0402,Ourense
712,2018-05-10,42.2015,-7.4176,Ourense
713,2018-05-10,42.006,-8.5718,Valença
714,2018-05-10,41.8977,-6.7022,Bragança
715,2018-05-11,41.8311,0.8192,Noguera
716,2018-05-11,43.2177,-2.3635,Gipuzkoa
717,2018-05-11,43.2751,-3.4668,Asón-Agüera
718,2018-05-11,38.6131,-0.5901,Alacant / Alicante
719,2018-05-11,37.2026,-3.6513,Comarca de la Vega de Granada
720,2018-05-11,37.2005,-3.6389,Comarca de la Vega de Granada
721,2018-05-11,38.8868,-0.493,Valencia
722,2018-05-11,42.1259,-1.1677,Zaragoza
723,2018-05-12,42.7311,-5.4012,León
724,2018-05-12,42.724,-5.4021,Leon
725,2018-05-12,42.7352,-5.3604,León
726,2018-05-12,42.7159,-5.3941,León
727,2018-05-13,41.7122,0.3526,La Litera / La Llitera
728,2018-05-13,38.6031,-0.6699,Alacant / Alicante
729,2018-05-13,38.6145,-0.5844,Alacant / Alicante
730,2018-05-13,39.0197,-1.8807,Albacete
731,2018-05-13,38.6209,-1.0668,Altiplano
732,2018-05-14,41.34,-0.6668,Zaragoza
733,2018-05-14,41.3346,-0.665,Zaragoza
734,2018-05-14,40.0092,-6.1051,Caceres
735,2018-05-15,40.2747,-2.101,Cuenca
736,2018-05-15,41.5002,1.9,Barcelona
737,2018-05-15,38.6698,-4.0439,Campo de Calatrava
738,2018-05-15,42.0192,-8.5807,Viana do Castelo
739,2018-05-16,42.3579,-1.57,La Jacetania
740,2018-05-16,42.2902,-7.8074,Ourense
741,2018-05-16,42.8361,-4.2384,Palencia
742,2018-05-16,42.3529,-1.5475,Navarre
743,2018-05-16,37.954,-4.9777,Cordova
744,2018-05-16,37.9574,-4.9954,Cordova
745,2018-05-16,37.9573,-4.9891,Cordova
746,2018-05-16,40.6153,-3.2833,Guadalajara
747,2018-05-17,42.2903,-7.7128,Ourense
748,2018-05-18,43.521,-5.7283,Asturias
749,2018-05-18,42.3698,-3.7128,Burgos
750,2018-05-18,42.3721,-3.7259,Burgos
751,2018-05-18,42.3493,-3.6502,Burgos
752,2018-05-18,41.5977,-4.7119,Valladolid
753,2018-05-18,43.5203,-5.7451,Asturias
754,2018-05-18,42.3667,-3.7249,Burgos
755,2018-05-18,43.5236,-5.7284,Asturias
756,2018-05-20,43.3051,-3.6152,Cantabria
757,2018-05-20,41.5978,-1.2695,Zaragoza
758,2018-05-20,41.6046,-1.081,Zaragoza
759,2018-05-20,42.8352,-2.7409,Araba / Álava
760,2018-05-20,42.8581,-2.7096,Araba / Álava
761,2018-05-20,43.5273,-5.7312,Asturias
762,2018-05-20,43.5389,-5.8275,Asturias
763,2018-05-20,43.5406,-5.8414,Asturias
764,2018-05-20,43.543,-5.8315,Asturias
765,2018-05-20,42.6616,-8.5076,Pontevedra
766,2018-05-21,37.186,-7.5072,CTM
767,2018-05-21,42.0028,-4.519,Palencia
768,2018-05-21,43.3463,-8.4382,Corunna
769,2018-05-21,43.5164,-5.7402,Asturias
770,2018-05-22,42.2977,-7.7029,Ourense
771,2018-05-22,43.5379,-5.8251,Asturias
772,2018-05-22,43.3907,-6.7225,Asturias
773,2018-05-22,43.3827,-6.7268,Asturias
774,2018-05-23,37.3696,-5.8959,Sevilla
775,2018-05-27,41.6222,-4.7021,Valladolid
776,2018-05-27,40.2517,-3.7137,Madrid
777,2018-05-27,39.5126,-0.46,Valencia
778,2018-05-28,37.6468,-5.5671,Sevilla
779,2018-05-29,38.6103,-0.5876,Alacant / Alicante
780,2018-05-29,37.8721,-1.3936,Bajo Guadalentín
781,2018-05-31,37.9207,-0.7801,el Baix Segura / La Vega Baja del Segura
782,2018-06-01,39.0137,-1.8888,Albacete
783,2018-06-01,37.256,-5.9974,Sevilla
784,2018-06-01,41.5949,-4.7039,Valladolid
785,2018-06-01,41.5929,-4.7163,Valladolid
786,2018-06-03,37.2741,-5.9926,Sevilla
787,2018-06-03,37.2832,-5.9903,Sevilla
788,2018-06-03,39.0078,-3.3672,Ciudad Real
789,2018-06-03,39.4763,-0.5652,Valencia
790,2018-06-07,39.3095,-0.4221,Valencia
791,2018-06-07,39.6014,2.668,Balearic Islands
792,2018-06-10,29.3861,-13.5183,Las Palmas
793,2018-06-12,37.7042,-5.2363,Cordova
794,2018-06-12,37.705999999999996,-5.2476,Cordova
795,2018-06-12,39.3044,-0.4215,Valencia
796,2018-06-13,38.8445,-7.0093,Badajoz
797,2018-06-14,42.3529,3.1288,Upper Empordà
798,2018-06-14,41.644,-0.7686,Zaragoza
799,2018-06-14,41.6309,-0.7411,Zaragoza
800,2018-06-14,41.7924,-7.7999,Montalegre
801,2018-06-14,38.6632,-4.0479,Campo de Calatrava
802,2018-06-14,39.4757,-0.5735,Valencia
803,2018-06-14,41.7914,-7.8065,Montalegre
804,2018-06-14,41.794,-7.8172,Vila Real
805,2018-06-14,41.7836,-7.8162,Montalegre
806,2018-06-14,38.1247,-1.7705,Noroeste
807,2018-06-14,43.5223,-5.7345,Asturias
808,2018-06-15,37.0202,-4.6421,Malaga
809,2018-06-15,38.9292,-6.7031,Tierra de Badajoz
810,2018-06-15,40.9848,-5.642,Salamanca
811,2018-06-15,42.1096,-8.6187,Pontevedra
812,2018-06-16,41.4609,1.9623,Barcelona
813,2018-06-16,39.1674,-3.2662,La Mancha
814,2018-06-16,42.2816,-1.7475,Navarre
815,2018-06-17,42.2843,-1.7383,Navarre
816,2018-06-17,43.5216,-5.7262,Asturias
817,2018-06-17,40.9919,-5.6414,Salamanca
818,2018-06-17,42.2846,-7.8209,Ourense
819,2018-06-17,42.5285,-5.7533,Leon
820,2018-06-17,42.538000000000004,-5.7502,Leon
821,2018-06-17,43.0425,-7.5607,Lugo
822,2018-06-17,42.3707,-3.7254,Burgos
823,2018-06-17,43.5241,-5.7403,Asturias
824,2018-06-17,37.4347,-4.5359,Cordova
825,2018-06-17,37.4325,-4.5487,Cordova
826,2018-06-17,43.5213,-5.7321,Asturias
827,2018-06-17,41.5945,-4.7177,Valladolid
828,2018-06-18,38.5988,-6.8372,Llanos de Olivenza
829,2018-06-18,37.829,-4.5131,Cordova
830,2018-06-18,37.8371,-4.5228,Cordova
831,2018-06-19,42.0026,-4.5093,Palencia
832,2018-06-19,41.5986,-4.7172,Valladolid
833,2018-06-19,41.9622,-4.4948,Palencia
834,2018-06-19,42.349,-3.6519999999999997,Burgos
835,2018-06-19,42.3697,-3.7149,Burgos
836,2018-06-19,42.787,-4.2466,Palencia
837,2018-06-19,37.3664,-5.3113,Sevilla
838,2018-06-19,40.6033,-3.222,Guadalajara
839,2018-06-19,37.3622,-5.3316,Sevilla
840,2018-06-19,37.3563,-5.3226,Sevilla
841,2018-06-19,37.3678,-5.3264,Sevilla
842,2018-06-20,42.7325,-5.3681,León
843,2018-06-20,37.1731,-5.7411,Sevilla
844,2018-06-21,40.6025,-3.2178,Guadalajara
845,2018-06-21,41.6114,-1.0754,Zaragoza
846,2018-06-21,37.8209,-4.732,Cordova
847,2018-06-21,37.8353,-4.7595,Cordova
848,2018-06-21,37.8371,-4.7481,Cordova
849,2018-06-21,37.8317,-4.7228,Cordova
850,2018-06-21,37.8174,-4.7551,Cordova
851,2018-06-21,37.8227,-4.7205,Cordova
852,2018-06-22,40.5642,0.6409,Montsià
853,2018-06-22,38.2653,-5.3638,Cordova
854,2018-06-22,38.2669,-5.3523,Cordova
855,2018-06-22,37.1974,-5.6332,Sevilla
856,2018-06-22,39.1012,-5.2417,Badajoz
857,2018-06-23,38.6028,-5.0722,Cordova
858,2018-06-23,38.9068,-7.0364,Badajoz
859,2018-06-23,38.905,-7.0184,Tierra de Badajoz
860,2018-06-23,38.8957,-7.0381,Tierra de Badajoz
861,2018-06-23,38.6011,-5.0581,Cordova
862,2018-06-23,37.8221,-0.9619,Campo de Cartagena
863,2018-06-23,37.7853,-0.8368,Campo de Cartagena
864,2018-06-23,37.7155,-1.1814,Campo de Cartagena
865,2018-06-23,37.7148,-1.0004,Campo de Cartagena
866,2018-06-23,37.6215,-1.0066,Campo de Cartagena
867,2018-06-23,37.6031,-0.9439,Campo de Cartagena
868,2018-06-23,37.4134,-1.5851,Alto Guadalentín
869,2018-06-23,37.7138,-1.1927,Campo de Cartagena
870,2018-06-23,38.0113,-1.1198,Área Metropolitana de Murcia
871,2018-06-23,37.9641,-1.1254,Área Metropolitana de Murcia
872,2018-06-23,37.9658,-1.1141,Área Metropolitana de Murcia
873,2018-06-23,37.9535,-1.1346,Área Metropolitana de Murcia
874,2018-06-23,37.8392,-0.9725,Campo de Cartagena
875,2018-06-23,41.5775,2.0319,Barcelona
876,2018-06-23,41.5759,2.0176,Barcelona
877,2018-06-23,42.6851,-2.9517,Burgos
878,2018-06-23,42.6832,-2.9639,Burgos
879,2018-06-24,43.4425,-7.9285,Corunna
880,2018-06-25,43.5403,-5.8275,Asturias
881,2018-06-25,41.3186,2.1269,Barcelona
882,2018-06-25,39.2747,-0.3808,Valencia
883,2018-06-25,39.2768,-0.3681,Valencia
884,2018-06-26,39.2726,-0.3707,Valencia
885,2018-06-26,43.4397,-3.6044,Trasmiera
886,2018-06-26,43.4492,-3.6006,Cantabria
887,2018-06-26,40.4647,-3.6180000000000003,Madrid
888,2018-06-26,42.3485,-3.6433,Burgos
889,2018-06-26,42.7796,-4.2425,Palencia
890,2018-06-28,42.3699,-3.7349,Burgos
891,2018-06-30,42.5099,1.5326,Andorra la Vella
892,2018-06-30,38.6112,-0.5949,Alacant / Alicante
893,2018-06-30,39.4798,-0.5768,Valencia
894,2018-07-02,41.1823,1.2309,Tarragona
895,2018-07-02,41.4584,1.969,Barcelona
896,2018-07-02,39.0918,-3.9451,Campo de Calatrava
897,2018-07-02,39.0934,-3.9598,Campo de Calatrava
898,2018-07-02,39.1035,-3.9577,Campo de Calatrava
899,2018-07-02,39.091,-3.9317,Ciudad Real
900,2018-07-02,39.0795,-3.975,Campo de Calatrava
901,2018-07-02,41.8016,0.8339,Lleida
902,2018-07-02,39.3536,-0.4311,Valencia
903,2018-07-02,39.3459,-0.4228,Valencia
904,2018-07-03,43.5389,-5.8337,Asturias
905,2018-07-04,38.7721,-6.6401,Tierra de Badajoz
906,2018-07-04,38.7742,-6.6339999999999995,Tierra de Badajoz
907,2018-07-05,38.226,-5.551,Badajoz
908,2018-07-05,38.6155,-1.0722,Altiplano
909,2018-07-05,37.7982,-3.7879,Jaén
910,2018-07-07,40.2391,-3.8242,Madrid
911,2018-07-07,38.3584,-7.2297,Llanos de Olivenza
912,2018-07-08,37.5767,-5.9864,Sevilla
913,2018-07-08,38.323,-6.3672,Zafra - Río Bodión
914,2018-07-09,41.2364,0.0013,Zaragoza
915,2018-07-09,42.2157,2.5926,Girona
916,2018-07-09,37.638000000000005,-5.2663,Cordova
917,2018-07-10,40.3625,-3.4275,Cuenca del Henares
918,2018-07-10,40.3608,-3.4159,Cuenca del Henares
919,2018-07-10,43.5357,-8.1965,Corunna
920,2018-07-10,38.259,-5.5457,Badajoz
921,2018-07-10,38.255,-5.5258,Cordova
922,2018-07-10,38.2434,-5.5295,Cordova
923,2018-07-10,38.2475,-5.5489999999999995,Badajoz
924,2018-07-10,37.1955,-3.6465,Comarca de la Vega de Granada
925,2018-07-10,38.2555,-5.5241,Cordova
926,2018-07-10,38.2535,-5.5362,Badajoz
927,2018-07-10,38.2444,-5.5338,Cordova
928,2018-07-10,37.434,-5.7887,Sevilla
929,2018-07-10,37.5506,-4.8912,Cordova
930,2018-07-10,37.5416,-4.8889,Cordova
931,2018-07-10,38.2646,-5.5266,Cordova
932,2018-07-10,36.6557,-4.7791,Malaga
933,2018-07-10,36.6539,-4.7987,Malaga
934,2018-07-11,43.3735,-3.2219,Cantabria
935,2018-07-12,43.5565,-5.8998,Asturias
936,2018-07-12,42.5465,-6.6056,Leon
937,2018-07-12,37.3092,-5.1267,Sevilla
938,2018-07-12,41.5957,-0.8249,Zaragoza
939,2018-07-12,43.5181,-5.7349,Asturias
940,2018-07-13,37.0493,-3.7132,Comarca de la Vega de Granada
941,2018-07-14,43.2318,-2.7582,Amorebieta-Etxano
942,2018-07-14,42.839,-2.7369,Araba / Álava
943,2018-07-14,42.781000000000006,-4.25,Palencia
944,2018-07-14,40.4645,-3.6188,Madrid
945,2018-07-14,41.773,-2.4837,Soria
946,2018-07-14,41.7519,-1.1733,Zaragoza
947,2018-07-14,42.6913,-2.9126,Burgos
948,2018-07-14,37.8479,-4.6491,Cordova
949,2018-07-14,37.8569,-4.6467,Cordova
950,2018-07-14,37.855,-4.6351,Cordova
951,2018-07-14,37.846,-4.6374,Cordova
952,2018-07-14,37.2409,-5.8603,Sevilla
953,2018-07-14,40.3117,-3.8917,Madrid
954,2018-07-14,40.3008,-3.8881,Comarca Sur
955,2018-07-16,43.5223,-5.7267,Asturias
956,2018-07-16,38.6181,-1.0678,Altiplano
957,2018-07-16,37.7173,-2.6337,Comarca de Huéscar
958,2018-07-16,38.8193,0.0605,Alicante
959,2018-07-16,38.8141,0.0506,Alicante
960,2018-07-16,38.8175,0.0681,Alicante
961,2018-07-16,43.5242,-5.7287,Asturias
962,2018-07-16,43.518,-5.7301,Asturias
963,2018-07-16,43.5362,-5.8348,Asturias
964,2018-07-17,42.4778,-3.1417,Montes de Oca
965,2018-07-18,38.4889,-5.4676,Badajoz
966,2018-07-18,38.4762,-5.4518,Cordova
967,2018-07-18,38.4779,-5.4694,Cordova
968,2018-07-18,38.4871,-5.45,Cordova
969,2018-07-19,40.5547,0.637,Montsià
970,2018-07-19,40.9887,-5.6441,Salamanca
971,2018-07-19,37.3232,-6.2608,Sevilla
972,2018-07-19,36.889,-3.5410000000000004,Comarca del Valle de Lecrín
973,2018-07-19,37.039,-4.5272,Malaga
974,2018-07-19,38.7944,0.0558,Alicante
975,2018-07-20,37.6363,-5.4152,Sevilla
976,2018-07-20,37.6241,-5.4139,Sevilla
977,2018-07-21,35.8851,-5.3814,caïdat de Belyounech
978,2018-07-21,35.8894,-5.3606,Ceuta
979,2018-07-21,35.8772,-5.3576,Ceuta
980,2018-07-21,37.053000000000004,-3.7129,Comarca de la Vega de Granada
981,2018-07-21,37.3348,-5.4423,Sevilla
982,2018-07-21,37.0571,-3.7195,Comarca de la Vega de Granada
983,2018-07-21,37.0586,-3.7069,Comarca de la Vega de Granada
984,2018-07-21,37.0515,-3.7256,Comarca de la Vega de Granada
985,2018-07-22,37.3394,-5.4336,Sevilla
986,2018-07-22,37.0595,-3.7030000000000003,Comarca de la Vega de Granada
987,2018-07-22,38.7819,-7.0001,Tierra de Badajoz
988,2018-07-23,43.5378,-5.8284,Asturias
989,2018-07-23,43.5573,-5.9094,Asturias
990,2018-07-23,42.8381,-2.735,Araba / Álava
991,2018-07-23,42.861000000000004,-2.7035,Araba / Álava
992,2018-07-23,41.5041,2.0371,Barcelona
993,2018-07-24,40.5545,0.6235,Montsià
994,2018-07-25,42.5213,2.8123,Céret
995,2018-07-25,38.6351,-6.7389,Llanos de Olivenza
996,2018-07-25,38.6183,-6.731,Llanos de Olivenza
997,2018-07-26,41.0356,0.775,Ribera d'Ebre
998,2018-07-26,41.0273,0.7645,Tarragona
999,2018-07-26,40.3015,-4.7979,Comarca de Arenas de San Pedro
1000,2018-07-28,40.1806,-4.2473,Toledo
1001,2018-07-28,40.4298,-4.6404,Ávila
1002,2018-07-28,39.0375,-2.1895,Albacete
1003,2018-07-28,36.0511,-5.5128,Campo de Gibraltar
1004,2018-07-28,36.0484,-5.5255,Campo de Gibraltar
1005,2018-07-28,37.5283,-5.6497,Sevilla
1006,2018-07-29,39.6676,-7.6761,Castelo Branco
1007,2018-07-29,39.6578,-7.6848,Vila Velha de Ródão
1008,2018-07-29,39.6595,-7.6692,Vila Velha de Ródão
1009,2018-07-30,36.3569,-5.2521,Malaga
1010,2018-07-30,36.3449,-5.2207,Malaga
1011,2018-07-30,36.3485,-5.2585,Malaga
1012,2018-07-30,36.3602,-5.2571,Malaga
1013,2018-07-30,36.3435,-5.2349,Malaga
1014,2018-07-30,43.5281,-5.7306,Asturias
1015,2018-07-30,37.4376,-6.2212,Sevilla
1016,2018-07-30,37.4358,-6.2327,Sevilla
1017,2018-07-30,37.4448,-6.2349,Sevilla
1018,2018-07-31,39.7665,-4.6729,Toledo
1019,2018-07-31,39.7692,-4.6676,Toledo
1020,2018-08-01,42.2161,2.5965,Girona
1021,2018-08-01,38.6051,-0.6633,Alacant / Alicante
1022,2018-08-01,37.3297,-5.5388,Sevilla
1023,2018-08-01,37.3312,-5.5509,Sevilla
1024,2018-08-01,36.6594,-4.8326,Malaga
1025,2018-08-01,36.6638,-4.8304,Malaga
1026,2018-08-02,43.3186,-1.8901,Gipuzkoa
1027,2018-08-02,36.6539,-6.3222,Cádiz
1028,2018-08-02,36.645,-6.146,Cádiz
1029,2018-08-02,36.6468,-6.1345,Cádiz
1030,2018-08-02,39.18,-5.1303,Badajoz
1031,2018-08-02,43.5349,-5.8367,Asturias
1032,2018-08-02,37.742,-6.5676,Cuenca Minera
1033,2018-08-02,37.7437,-6.5483,Cuenca Minera
1034,2018-08-02,37.7322,-6.5471,Cuenca Minera
1035,2018-08-02,37.7517,-6.5878,Cuenca Minera
1036,2018-08-02,37.734,-6.5273,Cuenca Minera
1037,2018-08-02,37.7174,-6.5822,Cuenca Minera
1038,2018-08-02,37.7192,-6.563,Cuenca Minera
1039,2018-08-02,37.75,-6.6064,Cuenca Minera
1040,2018-08-03,37.7151,-6.5546,Cuenca Minera
1041,2018-08-03,37.7443,-6.5451,Cuenca Minera
1042,2018-08-03,37.7522,-6.5783,Cuenca Minera
1043,2018-08-03,37.7503,-6.5716,Cuenca Minera
1044,2018-08-03,37.7582,-6.6041,Cuenca Minera
1045,2018-08-03,37.8569,-3.2455,Jaén
1046,2018-08-03,37.8711,-3.2983,Jaén
1047,2018-08-03,37.8539,-3.2378,Jaén
1048,2018-08-03,37.8685,-3.2911,Jaén
1049,2018-08-03,36.9022,-5.6446,Cádiz
1050,2018-08-04,38.3246,-4.8308,Cordova
1051,2018-08-04,38.3193,-4.8372,Cordova
1052,2018-08-04,38.4689,-3.4404,Sierra Morena
1053,2018-08-04,38.4671,-3.452,Sierra Morena
1054,2018-08-04,41.1425,1.1316,Tarragona
1055,2018-08-04,38.3225,-4.8434,Cordova
1056,2018-08-04,38.3172,-4.85,Cordova
1057,2018-08-04,41.7923,-4.3444,Palencia
1058,2018-08-04,41.8013,-4.3469,Palencia
1059,2018-08-04,41.7942,-4.3323,Palencia
1060,2018-08-04,39.2668,-7.2071,Tierra de Badajoz
1061,2018-08-05,39.6393,3.1042,Balearic Islands
1062,2018-08-05,40.5566,0.6428,Montsià
1063,2018-08-05,37.760999999999996,-6.8201,Sierra de Aracena
1064,2018-08-05,37.775999999999996,-6.8251,Sierra de Aracena
1065,2018-08-05,37.7576,-6.8233,Sierra de Aracena
1066,2018-08-05,37.7725,-6.8284,Sierra de Aracena
1067,2018-08-05,37.7525,-6.8549,Sierra de Aracena
1068,2018-08-05,39.4026,-7.3975,Marvão
1069,2018-08-06,37.7655,-6.7998,Sierra de Aracena
1070,2018-08-06,37.7773,-6.7977,Sierra de Aracena
1071,2018-08-06,37.7791,-6.8186,Sierra de Aracena
1072,2018-08-06,37.7673,-6.8205,Sierra de Aracena
1073,2018-08-06,38.9662,-0.3244,Valencia
1074,2018-08-06,38.9572,-0.3222,Valencia
1075,2018-08-06,38.7429,-0.0341,Alicante
1076,2018-08-06,38.9644,-0.3361,Valencia
1077,2018-08-06,39.9833,-0.0867,Castellon
1078,2018-08-06,41.9,-7.7806,Ourense
1079,2018-08-06,39.985,-0.0752,Castellon
1080,2018-08-06,38.9983,-0.3179,Valencia
1081,2018-08-06,39.0,-0.2975,Valencia
1082,2018-08-06,39.0018,-0.2757,Valencia
1083,2018-08-06,38.9877,-0.3491,Valencia
1084,2018-08-06,38.9895,-0.3294,Valencia
1085,2018-08-06,38.9912,-0.3103,Valencia
1086,2018-08-06,38.993,-0.2897,Valencia
1087,2018-08-06,38.9779,-0.3267,Valencia
1088,2018-08-06,38.9795,-0.3081,Valencia
1089,2018-08-06,38.9815,-0.2862,Valencia
1090,2018-08-06,38.9662,-0.325,Valencia
1091,2018-08-06,38.9678,-0.3064,Valencia
1092,2018-08-06,38.9697,-0.2848,Valencia
1093,2018-08-06,38.9562,-0.3043,Valencia
1094,2018-08-06,38.958,-0.2827,Valencia
1095,2018-08-06,37.8233,-4.7433,Cordova
1096,2018-08-06,37.8248,-4.7314,Cordova
1097,2018-08-06,37.452,-6.2745,Sevilla
1098,2018-08-07,39.0052,-0.3152,Valencia
1099,2018-08-07,38.9974,-0.2825,Valencia
1100,2018-08-07,38.9697,-0.2943,Valencia
1101,2018-08-07,38.9674,-0.2997,Valencia
1102,2018-08-07,38.9644,-0.3214,Valencia
1103,2018-08-07,38.9624,-0.2994,Valencia
1104,2018-08-07,38.9919,-0.3214,Valencia
1105,2018-08-07,38.9901,-0.3512,Valencia
1106,2018-08-07,38.9797,-0.2862,Valencia
1107,2018-08-07,38.9618,-0.3469,Valencia
1108,2018-08-07,38.9635,-0.3169,Valencia
1109,2018-08-07,38.9855,-0.3425,Valencia
1110,2018-08-07,38.9874,-0.3133,Valencia
1111,2018-08-07,38.9732,-0.3111,Valencia
1112,2018-08-07,38.9572,-0.3382,Valencia
1113,2018-08-07,38.959,-0.3091,Valencia
1114,2018-08-08,38.9555,-0.3099,Valencia
1115,2018-08-08,38.9538,-0.2956,Valencia
1116,2018-08-08,38.9653,-0.3078,Valencia
1117,2018-08-08,38.9637,-0.2938,Valencia
1118,2018-08-08,38.9524,-0.3112,Valencia
1119,2018-08-08,42.3736,-7.9919,Ourense
1120,2018-08-08,38.9579,-0.2875,Valencia
1121,2018-08-08,38.9498,-0.2971,Valencia
1122,2018-08-08,38.9548,-0.3248,Valencia
1123,2018-08-08,38.4263,-6.4091,Zafra - Río Bodión
1124,2018-08-08,36.9018,-4.8132,Malaga
1125,2018-08-08,37.6334,-5.271,Cordova
1126,2018-08-08,38.9556,-0.2828,Valencia
1127,2018-08-08,38.943000000000005,-0.2942,Valencia
1128,2018-08-08,38.9503,-0.3119,Valencia
1129,2018-08-08,38.9531,-0.2968,Valencia
1130,2018-08-08,38.9475,-0.3275,Valencia
1131,2018-08-08,38.9448,-0.3426,Valencia
1132,2018-08-08,40.7268,-3.5824,Madrid
1133,2018-08-08,40.7309,-3.5627,Cuenca del Medio Jarama
1134,2018-08-08,37.7454,-5.0823,Cordova
1135,2018-08-09,36.6391,-4.5101,Malaga
1136,2018-08-09,36.6406,-4.4984,Malaga
1137,2018-08-11,37.3862,-6.0212,Sevilla
1138,2018-08-11,37.2574,-6.8288,Comarca Metropolitana de Huelva
1139,2018-08-11,42.2242,-8.2472,Pontevedra
1140,2018-08-11,43.5224,-5.7371,Asturias
1141,2018-08-11,42.2218,-8.2609,Pontevedra
1142,2018-08-13,43.5361,-5.8339,Asturias
1143,2018-08-13,41.7673,-7.9943,Montalegre
1144,2018-08-14,43.5255,-5.7449,Asturias
1145,2018-08-14,43.5274,-5.7221,Asturias
1146,2018-08-14,43.5307,-5.7432,Asturias
1147,2018-08-15,43.5372,-5.8306,Asturias
1148,2018-08-15,43.5236,-5.7306,Asturias
1149,2018-08-15,41.1545,-6.8118,Freixo de Espada à Cinta
1150,2018-08-15,41.1528,-6.7995,Freixo de Espada à Cinta
1151,2018-08-15,37.3448,-5.4958,Sevilla
1152,2018-08-15,37.8888,-4.4375,Cordova
1153,2018-08-15,37.8907,-4.4493,Cordova
1154,2018-08-15,41.1512,-6.8165,Braganza District
1155,2018-08-15,41.1502,-6.8239,Freixo de Espada à Cinta
1156,2018-08-15,41.1561,-6.7981,Freixo de Espada à Cinta
1157,2018-08-15,37.1886,-3.4883,Comarca de la Vega de Granada
1158,2018-08-15,37.1901,-3.4768,Comarca de la Vega de Granada
1159,2018-08-15,38.0788,-4.1228,Jaén
1160,2018-08-16,36.5062,-4.7166,Malaga
1161,2018-08-16,38.0675,-4.1247,Jaén
1162,2018-08-16,36.7781,-5.9272,Cádiz
1163,2018-08-17,39.387,-0.4108,Valencia
1164,2018-08-17,36.0938,-5.5722,Campo de Gibraltar
1165,2018-08-17,38.888000000000005,-1.922,Albacete
1166,2018-08-17,38.8896,-1.9106,Albacete
1167,2018-08-17,38.1389,-3.5419,Jaén
1168,2018-08-17,36.0966,-5.5564,Campo de Gibraltar
1169,2018-08-17,36.0993,-5.5411,Campo de Gibraltar
1170,2018-08-17,36.0865,-5.5542,Campo de Gibraltar
1171,2018-08-17,36.0891,-5.5393,Campo de Gibraltar
1172,2018-08-17,41.8636,-8.2362,Ponte da Barca
1173,2018-08-17,41.8668,-8.2195,Ponte da Barca
1174,2018-08-17,41.8687,-8.2314,Arcos de Valdevez
1175,2018-08-18,41.8683,-8.2139,Ponte da Barca
1176,2018-08-18,40.1461,-5.7675,Cáceres
1177,2018-08-18,40.1477,-5.7791,Cáceres
1178,2018-08-18,42.9515,-9.2742,Corunna
1179,2018-08-18,36.0993,-5.5389,Campo de Gibraltar
1180,2018-08-18,36.1011,-5.5501,Campo de Gibraltar
1181,2018-08-18,36.1028,-5.5611,Campo de Gibraltar
1182,2018-08-18,36.0921,-5.5520000000000005,Campo de Gibraltar
1183,2018-08-18,36.0938,-5.563,Campo de Gibraltar
1184,2018-08-18,40.0128,-6.1026,Caceres
1185,2018-08-18,43.5402,-5.8311,Asturias
1186,2018-08-18,40.0557,-4.1729,Toledo
1187,2018-08-19,41.4978,1.9023,Barcelona
1188,2018-08-19,42.5083,1.5290000000000001,Andorra la Vella
1189,2018-08-19,38.0781,-4.1152,Jaén
1190,2018-08-19,37.2629,-6.5354,El Condado
1191,2018-08-19,36.7584,-2.7319,Almeria
1192,2018-08-19,38.6143,-5.0379,Cordova
1193,2018-08-19,36.7609,-2.7175,Almeria
1194,2018-08-19,38.6034,-5.0341,Cordova
1195,2018-08-19,41.9925,-8.7182,Pontevedra
1196,2018-08-20,43.543,-5.8255,Asturias
1197,2018-08-20,36.7593,-2.7206,Almeria
1198,2018-08-20,43.14,-2.9538,Araba / Álava
1199,2018-08-20,39.9101,-4.6386,Toledo
1200,2018-08-20,39.9121,-4.6263,Toledo
1201,2018-08-20,43.1154,-7.0264,Lugo
1202,2018-08-20,43.5229,-5.729,Asturias
1203,2018-08-20,43.5208,-5.7418,Asturias
1204,2018-08-21,42.5868,2.9408,Elne
1205,2018-08-21,36.3728,-6.0899,Cádiz
1206,2018-08-22,43.5463,-5.8315,Asturias
1207,2018-08-22,37.2354,-5.3719,Sevilla
1208,2018-08-22,42.2837,-5.2438,León
1209,2018-08-22,42.1358,-7.2947,Ourense
1210,2018-08-22,42.1375,-7.2829,Ourense
1211,2018-08-23,42.1332,-7.2976,Ourense
1212,2018-08-23,42.1424,-7.2957,Ourense
1213,2018-08-23,42.1403,-7.2832,Ourense
1214,2018-08-23,42.1311,-7.2852,Ourense
1215,2018-08-23,37.8679,-4.8195,Cordova
1216,2018-08-23,36.9245,-2.5051,Almeria
1217,2018-08-23,42.1212,-7.3228,Ourense
1218,2018-08-23,42.1325,-7.3203,Ourense
1219,2018-08-23,42.1346,-7.2738,Ourense
1220,2018-08-23,42.1404,-7.3028,Ourense
1221,2018-08-23,42.1269,-7.3332,Ourense
1222,2018-08-23,42.1288,-7.2934,Ourense
1223,2018-08-23,42.1251,-7.2989,Ourense
1224,2018-08-24,42.1282,-7.282,Ourense
1225,2018-08-24,42.1373,-7.2691,Ourense
1226,2018-08-24,42.1378,-7.2977,Ourense
1227,2018-08-24,38.6121,-0.5828,Alacant / Alicante
1228,2018-08-24,28.5304,-16.3901,Santa Cruz de Tenerife
1229,2018-08-24,41.1842,1.2208,Tarragona
1230,2018-08-24,41.1859,1.2391,Tarragona
1231,2018-08-25,41.1823,1.2346,Tarragonès
1232,2018-08-25,41.1773,1.2309999999999999,Tarragona
1233,2018-08-25,41.1825,1.2241,Tarragonès
1234,2018-08-25,42.6322,-7.9413,Pontevedra
1235,2018-08-25,42.6216,-7.9455,Pontevedra
1236,2018-08-25,42.6251,-7.9633,Pontevedra
1237,2018-08-25,42.6358,-7.959,Pontevedra
1238,2018-08-25,39.0036,-5.9267,Badajoz
1239,2018-08-25,43.5212,-5.7383,Asturias
1240,2018-08-25,42.6295,-7.9546,Pontevedra
1241,2018-08-25,42.6206,-7.9522,Pontevedra
1242,2018-08-25,40.1697,-5.7989999999999995,Cáceres
1243,2018-08-25,40.1627,-5.805,Cáceres
1244,2018-08-25,40.1642,-5.7799,Cáceres
1245,2018-08-26,40.1735,-5.7729,Cáceres
1246,2018-08-26,40.1763,-5.7625,Cáceres
1247,2018-08-26,40.1629,-5.7592,Cáceres
1248,2018-08-26,40.1712,-5.7912,Cáceres
1249,2018-08-26,40.1786,-5.78,Cáceres
1250,2018-08-26,41.8652,-0.5391,Los Monegros
1251,2018-08-26,39.0101,-1.8719,Albacete
1252,2018-08-26,43.5388,-5.8359,Asturias
1253,2018-08-26,43.5427,-5.8285,Asturias
1254,2018-08-27,43.5444,-5.8318,Asturias
1255,2018-08-27,43.5262,-5.7205,Asturias
1256,2018-08-27,43.207,-3.4611,Cantabria
1257,2018-08-27,43.2112,-3.4809,Cantabria
1258,2018-08-27,43.535,-5.8357,Asturias
1259,2018-08-27,43.2081,-3.4722,Cantabria
1260,2018-08-27,42.7385,-6.7206,El Bierzo
1261,2018-08-28,41.098,-6.8014,Freixo de Espada à Cinta
1262,2018-08-28,41.0913,-6.7958,Freixo de Espada à Cinta
1263,2018-08-29,37.6321,-7.5971,MTL
1264,2018-08-29,41.9062,-7.4756,Ourense
1265,2018-08-29,42.6874,-2.9067,Burgos
1266,2018-08-29,42.6892,-2.8858,Araba / Álava
1267,2018-08-29,41.9046,-7.4885,Ourense
1268,2018-08-30,39.0968,-6.4957,Badajoz
1269,2018-08-31,43.5244,-5.7262,Asturias
1270,2018-08-31,40.4125,-3.4452,Madrid
1271,2018-08-31,37.3389,-6.1136,Sevilla
1272,2018-08-31,37.479,-6.0636,Sevilla
1273,2018-09-01,43.1393,-9.0521,Corunna
1274,2018-09-01,43.1409,-9.0646,Terra de Soneira
1275,2018-09-01,43.5268,-5.7274,Asturias
1276,2018-09-01,37.2718,-5.6863,Sevilla
1277,2018-09-01,37.2651,-5.6837,Sevilla
1278,2018-09-01,40.0789,-5.084,Toledo
1279,2018-09-02,43.2715,-2.0223,Gipuzkoa
1280,2018-09-02,43.4098,-6.5624,Asturias
1281,2018-09-02,43.5256,-5.726,Asturias
1282,2018-09-02,43.5273,-5.7414,Asturias
1283,2018-09-02,38.6107,-0.5873,Alacant / Alicante
1284,2018-09-02,37.7982,-4.7721,Cordova
1285,2018-09-02,43.5174,-5.7315,Asturias
1286,2018-09-02,43.4135,-6.5608,Asturias
1287,2018-09-02,43.4056,-6.5927,Asturias
1288,2018-09-02,42.5135,-7.0792,Lugo
1289,2018-09-02,42.5323,-7.0871,Lugo
1290,2018-09-02,42.535,-7.0718,Lugo
1291,2018-09-02,42.5229,-7.082999999999999,Lugo
1292,2018-09-02,42.5255,-7.0684,Lugo
1293,2018-09-02,42.5159,-7.0656,El Bierzo
1294,2018-09-03,42.5225,-7.0694,Lugo
1295,2018-09-03,42.5301,-7.0539,El Bierzo
1296,2018-09-03,42.5318,-7.0672,Lugo
1297,2018-09-03,36.2297,-5.5681,Campo de Gibraltar
1298,2018-09-03,36.2359,-5.5956,Campo de Gibraltar
1299,2018-09-03,36.2253,-5.5917,Campo de Gibraltar
1300,2018-09-03,36.2271,-5.5806,Campo de Gibraltar
1301,2018-09-04,43.5401,-5.8343,Asturias
1302,2018-09-05,41.4957,-5.9922,Zamora
1303,2018-09-05,37.5868,-5.3985,Sevilla
1304,2018-09-05,37.9185,-4.3146,Cordova
1305,2018-09-06,42.7789,-9.1091,Muros
1306,2018-09-07,37.3293,-5.1753,Sevilla
1307,2018-09-07,37.1035,-5.6022,Sevilla
1308,2018-09-07,37.3236,-5.1878,Sevilla
1309,2018-09-07,37.3276,-5.1684,Sevilla
1310,2018-09-07,37.3281,-5.1824,Sevilla
1311,2018-09-07,39.0495,-1.8439,Albacete
1312,2018-09-07,38.6015,-0.6689,Alacant / Alicante
1313,2018-09-07,40.1281,-6.7812,Cáceres
1314,2018-09-07,41.4944,-6.0698,Zamora
1315,2018-09-07,41.496,-6.0576,Zamora
1316,2018-09-07,42.6611,-8.6279,Pontevedra
1317,2018-09-07,41.4928,-6.082000000000001,Zamora
1318,2018-09-08,41.4932,-6.0627,Zamora
1319,2018-09-08,37.6097,-5.8294,Sevilla
1320,2018-09-09,42.8636,-2.6667,Araba / Álava
1321,2018-09-09,43.5427,-5.8312,Asturias
1322,2018-09-09,42.6608,-3.2023,La Bureba
1323,2018-09-10,28.0688,-16.5294,Santa Cruz de Tenerife
1324,2018-09-10,37.3803,-6.341,Sevilla
1325,2018-09-10,37.3819,-6.3298,Sevilla
1326,2018-09-10,42.426,-2.1811,Navarre
1327,2018-09-10,39.9541,-4.9236,Toledo
1328,2018-09-10,39.9556,-4.9111,Toledo
1329,2018-09-10,42.6871,-5.5859,León
1330,2018-09-11,38.9105,-6.8568,Tierra de Badajoz
1331,2018-09-11,37.1324,-5.6467,Sevilla
1332,2018-09-11,36.8474,-5.7295,Cádiz
1333,2018-09-11,37.1319,-5.6408,Sevilla
1334,2018-09-11,43.3294,-6.2399,Asturias
1335,2018-09-11,43.5248,-5.7281,Asturias
1336,2018-09-12,29.3887,-13.5102,Las Palmas
1337,2018-09-12,37.1288,-5.6399,Sevilla
1338,2018-09-12,41.7661,-8.0109,Vila Real
1339,2018-09-14,37.2397,-6.4083,El Condado
1340,2018-09-14,42.1349,-7.2787,Ourense
1341,2018-09-14,42.1243,-7.2885,Ourense
1342,2018-09-14,41.961000000000006,-7.5565,Ourense
1343,2018-09-14,42.1334,-7.2911,Ourense
1344,2018-09-15,42.1315,-7.2867,Ourense
1345,2018-09-15,42.1291,-7.2732,Ourense
1346,2018-09-15,43.1463,-2.2411,Gipuzkoa
1347,2018-09-15,42.0253,-7.0675,Ourense
1348,2018-09-15,42.1208,-7.2892,Ourense
1349,2018-09-16,42.5853,-1.6082,Navarre
1350,2018-09-16,42.5829,-1.5947,Navarre
1351,2018-09-16,38.8146,-7.0475,Tierra de Badajoz
1352,2018-09-16,38.828,-7.0528,Tierra de Badajoz
1353,2018-09-16,42.6463,-1.6896,Navarre
1354,2018-09-16,41.8753,-8.1452,Ourense
1355,2018-09-16,41.8732,-8.1577,Ourense
1356,2018-09-18,43.5247,-5.7286,Asturias
1357,2018-09-18,38.611,-0.5871,Alacant / Alicante
1358,2018-09-18,42.1497,-7.034,Ourense
1359,2018-09-18,41.8894,-7.2701,Ourense
1360,2018-09-18,41.8769,-7.2816,Ourense
1361,2018-09-18,41.8868,-7.2844,Ourense
1362,2018-09-19,41.4505,0.3991,Segrià
1363,2018-09-19,42.5861,-1.9099,Navarre
1364,2018-09-19,28.4622,-17.8496,Santa Cruz de Tenerife
1365,2018-09-19,41.9664,-7.5332,Ourense
1366,2018-09-19,41.9647,-7.553999999999999,Ourense
1367,2018-09-19,41.9668,-7.5478,Ourense
1368,2018-09-19,41.9687,-7.5264,Ourense
1369,2018-09-20,42.717,-1.7443,Navarre
1370,2018-09-20,42.7187,-1.7585,Navarre
1371,2018-09-20,37.2768,-4.7299,Sevilla
1372,2018-09-20,37.6425,-3.9185,Jaén
1373,2018-09-21,36.9725,-6.0078,Sevilla
1374,2018-09-21,36.719,-5.8245,Cádiz
1375,2018-09-21,36.9343,-5.8986,Sevilla
1376,2018-09-21,36.937,-5.8839,Sevilla
1377,2018-09-21,41.8673,-7.3782,Ourense
1378,2018-09-22,43.528,-5.7284,Asturias
1379,2018-09-22,43.1386,-2.2435,Gipuzkoa
1380,2018-09-22,42.6152,-9.0274,Corunna
1381,2018-09-23,42.8594,-2.5578,Araba / Álava
1382,2018-09-23,38.8094,-6.8173,Tierra de Badajoz
1383,2018-09-23,41.9629,-4.4898,Palencia
1384,2018-09-23,37.365,-6.3518,El Condado
1385,2018-09-23,37.2215,-5.8678,Sevilla
1386,2018-09-23,42.82899999999999,0.7176,Lleida
1387,2018-09-23,42.8558,-2.5564,Araba / Álava
1388,2018-09-23,43.2691,-2.0228,Gipuzkoa
1389,2018-09-23,41.98,-4.5252,Palencia
1390,2018-09-23,37.5703,-5.4435,Sevilla
1391,2018-09-23,40.1817,-5.6542,Cáceres
1392,2018-09-23,40.18,-5.6666,Cáceres
1393,2018-09-23,41.7124,-8.0583,Montalegre
1394,2018-09-24,40.1868,-5.6568,Cáceres
1395,2018-09-24,36.9009,-5.837999999999999,Cádiz
1396,2018-09-25,43.16,-7.9597,Galicia
1397,2018-09-25,37.8268,-4.8235,Cordova
1398,2018-09-25,37.8252,-4.8123,Cordova
1399,2018-09-25,39.0593,-5.5826,Badajoz
1400,2018-09-25,37.1253,-4.5788,Malaga
1401,2018-09-25,37.0022,-5.7611,Sevilla
1402,2018-09-25,37.1236,-4.5677,Malaga
1403,2018-09-25,37.585,-5.8432,Sevilla
1404,2018-09-25,37.8292,-4.8224,Cordova
1405,2018-09-25,37.8218,-4.8269,Cordova
1406,2018-09-25,42.7085,-1.7303,Navarre
1407,2018-09-25,42.6986,-1.7387,Navarre
1408,2018-09-25,42.7016,-1.7227,Navarre
1409,2018-09-25,42.7055,-1.7463,Navarre
1410,2018-09-25,37.5239,-5.4769,Sevilla
1411,2018-09-25,43.5383,-5.8345,Asturias
1412,2018-09-26,41.8437,-6.6278,Bragança
1413,2018-09-26,41.8419,-6.6159,Bragança
1414,2018-09-26,43.5275,-5.7332,Asturias
1415,2018-09-26,41.7806,-8.3455,Viana do Castelo
1416,2018-09-26,43.5242,-5.7412,Asturias
1417,2018-09-26,36.9378,-5.8838,Sevilla
1418,2018-09-26,41.7858,-8.3575,Ponte da Barca
1419,2018-09-26,43.5258,-5.7308,Asturias
1420,2018-09-27,37.6669,-5.2363,Cordova
1421,2018-09-27,37.1259,-5.7465,Sevilla
1422,2018-09-27,41.4838,2.1077,Barcelona
1423,2018-09-27,37.029,-5.0957,Sevilla
1424,2018-09-28,42.8515,-6.8517,Leon
1425,2018-09-28,43.4396,-7.8155,Corunna
1426,2018-09-28,43.4373,-7.8023,Lugo
1427,2018-09-28,37.5568,-5.9125,Sevilla
1428,2018-09-28,38.2515,-6.3457,Badajoz
1429,2018-09-28,38.9146,-5.6543,Badajoz
1430,2018-09-28,38.2537,-6.3327,Badajoz
1431,2018-09-28,37.5471,-5.9165,Sevilla
1432,2018-09-29,43.5229,-5.7137,Asturias
1433,2018-09-29,43.5248,-5.7416,Asturias
1434,2018-09-29,41.9213,-7.4882,Ourense
1435,2018-09-29,41.9258,-7.513999999999999,Ourense
1436,2018-09-29,41.9232,-7.5201,Ourense
1437,2018-09-29,42.6419,-7.9691,Pontevedra
1438,2018-09-29,43.5214,-5.7443,Asturias
1439,2018-09-29,40.1889,-5.6541,Cáceres
1440,2018-09-29,40.1922,-5.6596,Cáceres
1441,2018-09-29,42.0118,-8.0347,Ourense
1442,2018-09-29,42.0264,-8.0141,Ourense
1443,2018-09-30,41.9278,0.185,Huesca
1444,2018-09-30,39.8763,-6.832999999999999,Cáceres
1445,2018-09-30,38.9936,-5.7055,Badajoz
1446,2018-09-30,39.1021,-5.8485,Badajoz
1447,2018-09-30,39.8652,-6.8233,Cáceres
1448,2018-09-30,42.481,-7.7783,Ourense
1449,2018-09-30,38.881,-6.3805,Badajoz
1450,2018-09-30,38.8937,-6.4558,Badajoz
1451,2018-09-30,38.8156,-7.0718,Tierra de Badajoz
1452,2018-09-30,38.9231,-5.6108,Badajoz
1453,2018-09-30,43.1513,-3.6188,Burgos
1454,2018-10-01,43.1394,-7.4893,Lugo
1455,2018-10-01,43.1477,-7.5223,Lugo
1456,2018-10-01,42.9783,-8.4009,Ordes
1457,2018-10-01,43.5195,-5.7333,Asturias
1458,2018-10-01,42.9863,-8.408,Corunna
1459,2018-10-01,41.7678,-8.0417,Montalegre
1460,2018-10-01,41.7694,-8.0259,Terras de Bouro
1461,2018-10-01,37.6157,-5.4515,Sevilla
1462,2018-10-01,42.8884,-6.6874,El Bierzo
1463,2018-10-01,42.8749,-6.6799,El Bierzo
1464,2018-10-02,42.8947,-6.6728,El Bierzo
1465,2018-10-02,42.8808,-6.6754,El Bierzo
1466,2018-10-02,42.8755,-6.6844,El Bierzo
1467,2018-10-02,38.434,-0.5065,Alacant / Alicante
1468,2018-10-02,37.3148,-5.2473,Sevilla
1469,2018-10-02,36.1466,-5.7698,Campo de Gibraltar
1470,2018-10-02,36.1484,-5.7809,Campo de Gibraltar
1471,2018-10-02,36.6056,-5.9256,Cádiz
1472,2018-10-02,37.5027,-5.8035,Sevilla
1473,2018-10-02,37.7553,-7.0231,El Andévalo
1474,2018-10-02,37.6078,-5.4631,Sevilla
1475,2018-10-02,37.6252,-5.5757,Sevilla
1476,2018-10-02,37.6149,-5.4496,Sevilla
1477,2018-10-02,37.6167,-5.4609,Sevilla
1478,2018-10-02,37.6009,-5.4877,Sevilla
1479,2018-10-02,37.6064,-5.4628,Sevilla
1480,2018-10-02,38.9433,-6.7706,Tierra de Badajoz
1481,2018-10-02,40.9702,-7.0461,Figueira de Castelo Rodrigo
1482,2018-10-02,40.9737,-7.042999999999999,Vila Nova de Foz Coa
1483,2018-10-02,40.9763,-7.0198,Guarda
1484,2018-10-02,42.4652,-3.6703,Burgos
1485,2018-10-02,42.8745,-6.6834,El Bierzo
1486,2018-10-02,42.6545,-8.6595,Pontevedra
1487,2018-10-02,43.5963,-7.803,Ortegal
1488,2018-10-02,43.3739,-7.3116,Lugo
1489,2018-10-02,43.5319,-5.736000000000001,Asturias
1490,2018-10-02,43.523,-5.7336,Asturias
1491,2018-10-03,42.9159,-4.0066,Cantabria
1492,2018-10-03,41.0776,0.4083,Terra Alta
1493,2018-10-03,42.5973,-2.1358,Navarre
1494,2018-10-03,42.5951,-2.1302,Navarre
1495,2018-10-03,42.9667,-0.7016,Oloron-Sainte-Marie
1496,2018-10-03,42.0685,-8.4721,Viana do Castelo
1497,2018-10-03,42.0527,-8.456,Monção
1498,2018-10-03,42.0572,-8.4769,Monção
1499,2018-10-03,42.06399999999999,-8.4511,Monção
