latitude,longitude,brightness,scan,track,acq_date,acq_time,satellite,instrument,confidence,version,bright_t31,frp,daynight
40.92,-6.539,324.7,3.7,1.8,2019-08-01,1210,Terra,MODIS,74,6.0NRT,305.5,65.8,D
40.928,-6.53,321.5,3.7,1.8,2019-08-01,1210,Terra,MODIS,69,6.0NRT,304.8,42.3,D
43.096,-7.046,319.3,1.5,1.2,2019-08-01,1355,Aqua,MODIS,73,6.0NRT,298.3,21.4,D
43.097,-7.027,344.6,1.5,1.2,2019-08-01,1355,Aqua,MODIS,93,6.0NRT,299,82.8,D
42.377,-0.105,325.4,1.3,1.1,2019-08-02,1115,Terra,MODIS,77,6.0NRT,300.4,27.1,D
43.541,-5.826,314.3,1,1,2019-08-02,1115,Terra,MODIS,64,6.0NRT,298.5,8.1,D
42.348,-1.924,322.3,1.1,1,2019-08-02,1115,Terra,MODIS,62,6.0NRT,305.6,9.3,D
42.369,-0.11,337,1,1,2019-08-02,1255,Aqua,MODIS,86,6.0NRT,304.1,33.2,D
38.292,-6.352,333.2,2.5,1.5,2019-08-02,1255,Aqua,MODIS,56,6.0NRT,319.8,44.1,D
38.305,-6.332,348.7,2.5,1.5,2019-08-02,1255,Aqua,MODIS,92,6.0NRT,315.9,147.5,D
38.299,-6.359,331.8,2.5,1.5,2019-08-02,1255,Aqua,MODIS,61,6.0NRT,318.3,40.5,D
38.298,-6.325,340.4,2.5,1.5,2019-08-02,1255,Aqua,MODIS,83,6.0NRT,318.8,85.8,D
43.526,-5.733,317.5,1.7,1.3,2019-08-02,1300,Aqua,MODIS,36,6.0NRT,299,19.3,D
37.832,-3.511,338.2,1,1,2019-08-02,2220,Terra,MODIS,100,6.0NRT,297.3,40,N
43.528,-5.732,301,1,1,2019-08-02,2225,Terra,MODIS,37,6.0NRT,290,4.8,N
40.379,-3.977,310.2,1.3,1.1,2019-08-03,0235,Aqua,MODIS,79,6.0NRT,288.5,16.3,N
40.38,-3.982,314,1.3,1.1,2019-08-03,0235,Aqua,MODIS,88,6.0NRT,288.5,20.4,N
41.961,-7.559,312.5,2.4,1.5,2019-08-03,2305,Terra,MODIS,85,6.0NRT,288.3,44.4,N
41.952,-7.582,304,2.4,1.5,2019-08-03,2305,Terra,MODIS,58,6.0NRT,287.7,25.9,N
41.954,-7.552,306.8,2.4,1.5,2019-08-03,2305,Terra,MODIS,69,6.0NRT,288.5,31.4,N
38.853,-6.576,333.8,1.3,1.1,2019-08-04,1105,Terra,MODIS,62,6.0NRT,310.7,27.7,D
38.851,-6.561,329.2,1.3,1.1,2019-08-04,1105,Terra,MODIS,22,6.0NRT,309,18.2,D
40.83,-3.818,395.4,2.3,1.5,2019-08-04,1245,Aqua,MODIS,100,6.0NRT,316.2,741.3,D
40.846,-3.816,336.5,2.3,1.5,2019-08-04,1245,Aqua,MODIS,83,6.0NRT,299.7,103.3,D
40.828,-3.837,404.1,2.3,1.5,2019-08-04,1245,Aqua,MODIS,100,6.0NRT,316.6,923.2,D
40.833,-3.813,411.3,2.3,1.5,2019-08-04,1245,Aqua,MODIS,100,6.0NRT,314.7,1082.3,D
39.523,-5.434,323.3,3.1,1.7,2019-08-04,1245,Aqua,MODIS,45,6.0NRT,305.3,59.9,D
39.532,-5.401,328.1,3.1,1.7,2019-08-04,1245,Aqua,MODIS,68,6.0NRT,307.7,92.3,D
39.525,-5.428,328.1,3.1,1.7,2019-08-04,1245,Aqua,MODIS,69,6.0NRT,305.5,89.4,D
39.533,-5.395,323.6,3.1,1.7,2019-08-04,1245,Aqua,MODIS,51,6.0NRT,307.7,65.7,D
40.837,-3.85,347.5,2.3,1.5,2019-08-04,1245,Aqua,MODIS,92,6.0NRT,301.7,169.2,D
40.843,-3.822,392.9,2.3,1.5,2019-08-04,1245,Aqua,MODIS,100,6.0NRT,304.8,695.8,D
40.825,-3.843,349.9,2.3,1.5,2019-08-04,1245,Aqua,MODIS,94,6.0NRT,309.9,184.9,D
40.84,-3.843,338.7,2.3,1.5,2019-08-04,1245,Aqua,MODIS,85,6.0NRT,299.4,116.5,D
40.885,-3.952,382.9,1,1,2019-08-04,2210,Terra,MODIS,100,6.0NRT,300.8,173.7,N
40.901,-3.969,311.8,1,1,2019-08-04,2210,Terra,MODIS,83,6.0NRT,290.7,11.8,N
40.89,-3.979,330.3,1,1,2019-08-04,2210,Terra,MODIS,100,6.0NRT,293.2,30.5,N
40.892,-3.966,356.5,1,1,2019-08-04,2210,Terra,MODIS,100,6.0NRT,298.3,81,N
40.894,-3.954,310.8,1,1,2019-08-04,2210,Terra,MODIS,81,6.0NRT,292,10.9,N
40.881,-3.976,301.7,1,1,2019-08-04,2210,Terra,MODIS,37,6.0NRT,290.6,4.8,N
40.883,-3.964,381.8,1,1,2019-08-04,2210,Terra,MODIS,100,6.0NRT,300.5,168.9,N
40.887,-3.94,345.3,1,1,2019-08-04,2210,Terra,MODIS,100,6.0NRT,291.5,56,N
40.852,-3.813,301.3,1,1,2019-08-04,2210,Terra,MODIS,28,6.0NRT,289.8,4.5,N
40.841,-3.822,304.1,1,1,2019-08-04,2210,Terra,MODIS,58,6.0NRT,290.4,6.3,N
40.844,-3.815,304.4,1,1,2019-08-05,0220,Aqua,MODIS,60,6.0NRT,286.7,7.6,N
40.895,-3.968,323,1,1,2019-08-05,0220,Aqua,MODIS,100,6.0NRT,290.3,22.3,N
40.884,-3.959,316.8,1,1,2019-08-05,0220,Aqua,MODIS,94,6.0NRT,287.6,16.5,N
40.893,-3.957,313.5,1,1,2019-08-05,0220,Aqua,MODIS,87,6.0NRT,290.1,13.7,N
40.892,-3.945,306.6,1,1,2019-08-05,0220,Aqua,MODIS,66,6.0NRT,287.3,9,N
40.904,-3.966,310.5,1,1,2019-08-05,0220,Aqua,MODIS,59,6.0NRT,288.3,11.2,N
40.842,-3.803,309,1,1,2019-08-05,0220,Aqua,MODIS,76,6.0NRT,289.5,10.5,N
40.893,-3.946,321.2,2.3,1.5,2019-08-05,1145,Terra,MODIS,49,6.0NRT,306.8,38.3,D
40.886,-3.946,342.5,1.1,1,2019-08-05,1325,Aqua,MODIS,84,6.0NRT,314,37.3,D
40.885,-3.958,337,1.1,1,2019-08-05,1325,Aqua,MODIS,65,6.0NRT,321.5,27.8,D
40.837,-3.82,332.6,1.1,1,2019-08-05,1325,Aqua,MODIS,47,6.0NRT,320,18.9,D
38.046,-6.298,308,1.7,1.3,2019-08-05,2250,Terra,MODIS,73,6.0NRT,294.2,16.3,N
38.048,-6.28,311,1.7,1.3,2019-08-05,2250,Terra,MODIS,81,6.0NRT,294.5,20.8,N
41.663,-1.711,318.3,2.5,1.5,2019-08-06,1235,Aqua,MODIS,0,6.0NRT,285.1,43,D
39.789,-0.194,328.1,1,1,2019-08-09,1300,Aqua,MODIS,59,6.0NRT,313,7.6,D
39.981,-0.086,328.7,1,1,2019-08-09,1300,Aqua,MODIS,47,6.0NRT,312.4,8.3,D
39.983,-0.075,338,1,1,2019-08-09,1300,Aqua,MODIS,83,6.0NRT,312.5,20.8,D
28.023,-15.631,381.3,1.7,1.3,2019-08-10,1210,Terra,MODIS,100,6.0NRT,311.2,310.5,D
28.02,-15.616,339.1,1.7,1.3,2019-08-10,1210,Terra,MODIS,87,6.0NRT,304.4,64.7,D
28.019,-15.643,323.8,2.9,1.6,2019-08-10,1345,Aqua,MODIS,70,6.0NRT,304,52.4,D
28.018,-15.637,324.3,2.9,1.6,2019-08-10,1345,Aqua,MODIS,58,6.0NRT,303.5,51,D
28.012,-15.624,356.8,1,1,2019-08-10,2310,Terra,MODIS,100,6.0NRT,298.9,81,N
28.014,-15.613,334.4,1,1,2019-08-10,2310,Terra,MODIS,100,6.0NRT,296,36,N
28.03,-15.627,317.6,1,1,2019-08-10,2310,Terra,MODIS,94,6.0NRT,292.1,16.2,N
28.021,-15.625,391.8,1,1,2019-08-10,2310,Terra,MODIS,100,6.0NRT,304.8,217.4,N
28.02,-15.636,325.4,1,1,2019-08-10,2310,Terra,MODIS,100,6.0NRT,295,23.2,N
28.023,-15.614,337.9,1,1,2019-08-10,2310,Terra,MODIS,100,6.0NRT,293.2,41.8,N
28.014,-15.616,314.9,2.7,1.6,2019-08-11,0325,Aqua,MODIS,86,6.0NRT,294.2,57.8,N
28.033,-15.637,333.1,2.7,1.6,2019-08-11,0325,Aqua,MODIS,100,6.0NRT,294,141.9,N
28.004,-15.611,305.6,2.7,1.6,2019-08-11,0325,Aqua,MODIS,20,6.0NRT,293,28.3,N
28.019,-15.612,310.4,2.7,1.6,2019-08-11,0325,Aqua,MODIS,42,6.0NRT,292.6,41.4,N
28.024,-15.636,319.2,2.7,1.6,2019-08-11,0325,Aqua,MODIS,98,6.0NRT,293.3,70.8,N
28.038,-15.632,330.8,2.7,1.6,2019-08-11,0325,Aqua,MODIS,100,6.0NRT,294,130.3,N
28.028,-15.614,314.9,2.7,1.6,2019-08-11,0325,Aqua,MODIS,87,6.0NRT,291.8,58.2,N
43.539,-5.83,313.1,1.1,1.1,2019-08-11,1110,Terra,MODIS,57,6.0NRT,297.8,9.5,D
28.03,-15.631,332.2,2.7,1.6,2019-08-11,1115,Terra,MODIS,81,6.0NRT,309.3,95.1,D
28.034,-15.623,335.5,2.7,1.6,2019-08-11,1115,Terra,MODIS,87,6.0NRT,308,118.7,D
36.122,-5.462,306.3,1.1,1.1,2019-08-11,2215,Terra,MODIS,43,6.0NRT,294.7,6.8,N
27.999,-15.649,328.6,3.2,1.7,2019-08-11,2350,Terra,MODIS,100,6.0NRT,294.4,151.4,N
28.014,-15.653,330.1,3.2,1.7,2019-08-11,2350,Terra,MODIS,100,6.0NRT,293.1,162.9,N
28.016,-15.626,339.3,3.3,1.7,2019-08-11,2350,Terra,MODIS,100,6.0NRT,291.5,241.9,N
28.001,-15.62,356.5,3.3,1.7,2019-08-11,2350,Terra,MODIS,100,6.0NRT,294.4,434.8,N
28.002,-15.643,355.9,3.2,1.7,2019-08-11,2350,Terra,MODIS,100,6.0NRT,296.2,419.9,N
28.004,-15.615,356.7,3.3,1.7,2019-08-11,2350,Terra,MODIS,100,6.0NRT,293.6,437.8,N
28.001,-15.634,308.5,1.6,1.3,2019-08-12,0230,Aqua,MODIS,57,6.0NRT,292.9,17.2,N
28.036,-15.654,310.4,1.6,1.3,2019-08-12,0230,Aqua,MODIS,71,6.0NRT,290.5,21.3,N
28.012,-15.641,323,1.6,1.3,2019-08-12,0230,Aqua,MODIS,77,6.0NRT,294,40.2,N
28.01,-15.624,337.8,1.6,1.3,2019-08-12,0230,Aqua,MODIS,100,6.0NRT,295.4,81,N
27.999,-15.615,305.1,1.6,1.3,2019-08-12,0230,Aqua,MODIS,11,6.0NRT,291.9,13.7,N
28.012,-15.631,341.9,1.6,1.3,2019-08-12,0230,Aqua,MODIS,100,6.0NRT,296,94.6,N
40.999,-6.638,394.6,1,1,2019-08-12,1335,Aqua,MODIS,100,6.0NRT,313.6,209.4,D
41.033,-6.658,380.5,1,1,2019-08-12,1335,Aqua,MODIS,100,6.0NRT,315.3,142.1,D
41.024,-6.656,348.4,1,1,2019-08-12,1335,Aqua,MODIS,93,6.0NRT,310.2,44.5,D
41.01,-6.628,350.6,1,1,2019-08-12,1335,Aqua,MODIS,94,6.0NRT,315.9,48.2,D
41.001,-6.626,442.3,1,1,2019-08-12,1335,Aqua,MODIS,100,6.0NRT,327.9,607.8,D
27.947,-15.5,358.5,1.4,1.2,2019-08-12,2255,Terra,MODIS,100,6.0NRT,299,133.2,N
27.955,-15.515,334.7,1.4,1.2,2019-08-12,2255,Terra,MODIS,100,6.0NRT,291.7,57.4,N
27.944,-15.513,388,1.4,1.2,2019-08-12,2255,Terra,MODIS,100,6.0NRT,305.4,308,N
27.957,-15.502,305.5,1.4,1.2,2019-08-12,2255,Terra,MODIS,31,6.0NRT,291.8,10.1,N
39.01,-1.873,323.1,1,1,2019-08-13,1100,Terra,MODIS,30,6.0NRT,305.8,7.6,D
41.827,-2.523,318.8,2.2,1.4,2019-08-13,1240,Aqua,MODIS,66,6.0NRT,301.4,26.3,D
41.832,-2.497,322.3,2.2,1.4,2019-08-13,1240,Aqua,MODIS,73,6.0NRT,305,36.3,D
40.441,-4.925,341.9,4.3,1.9,2019-08-13,1415,Aqua,MODIS,90,6.0NRT,303.1,307.2,D
40.443,-4.873,316.3,4.3,1.9,2019-08-13,1415,Aqua,MODIS,53,6.0NRT,299.4,43.9,D
40.445,-4.935,332.9,4.3,1.9,2019-08-13,1415,Aqua,MODIS,83,6.0NRT,302.8,192.6,D
43.527,-5.73,305.5,1.2,1.1,2019-08-13,2205,Terra,MODIS,65,6.0NRT,278.8,11.8,N
40.446,-4.915,345.5,1.3,1.1,2019-08-13,2205,Terra,MODIS,100,6.0NRT,289,77.1,N
40.436,-4.913,302.1,1.3,1.1,2019-08-13,2205,Terra,MODIS,46,6.0NRT,287.2,9.3,N
40.439,-4.898,305.8,1.3,1.1,2019-08-13,2205,Terra,MODIS,66,6.0NRT,287.7,12.5,N
40.443,-4.93,350.1,1.3,1.1,2019-08-13,2205,Terra,MODIS,100,6.0NRT,289.2,90.9,N
40.446,-4.919,319.1,1,1,2019-08-14,0215,Aqua,MODIS,98,6.0NRT,286.6,21.1,N
43.541,-5.833,306.5,1.1,1.1,2019-08-14,0215,Aqua,MODIS,68,6.0NRT,285.7,11.2,N
40.445,-4.907,309.8,1,1,2019-08-14,0215,Aqua,MODIS,78,6.0NRT,286.6,12.8,N
43.54,-5.819,301.1,1.1,1.1,2019-08-14,0215,Aqua,MODIS,38,6.0NRT,285.5,7.5,N
43.525,-5.727,314.1,1.3,1.1,2019-08-14,1140,Terra,MODIS,30,6.0NRT,296.2,9.9,D
40.644,-6.241,328,1.4,1.2,2019-08-14,1140,Terra,MODIS,69,6.0NRT,312.6,18.8,D
37.346,-5.702,345.5,1.1,1.1,2019-08-14,1320,Aqua,MODIS,88,6.0NRT,321.1,30.2,D
40.222,-6.538,312.4,1.4,1.2,2019-08-14,2245,Terra,MODIS,85,6.0NRT,295,15.1,N
40.226,-6.545,307.4,1.4,1.2,2019-08-14,2245,Terra,MODIS,71,6.0NRT,294.8,10,N
41.905,2.791,344.3,1,1,2019-08-15,1045,Terra,MODIS,92,6.0NRT,300.6,38.8,D
39.745,-0.236,324,1.1,1,2019-08-15,1045,Terra,MODIS,64,6.0NRT,303.3,10.7,D
39.755,-0.234,321.8,1.1,1,2019-08-15,1045,Terra,MODIS,55,6.0NRT,303.3,8.1,D
41.904,2.803,333.1,1,1,2019-08-15,1045,Terra,MODIS,84,6.0NRT,301.3,21.5,D
37.316,-6.115,336.8,2.1,1.4,2019-08-15,1405,Aqua,MODIS,80,6.0NRT,313.4,50.3,D
40.797,-4.208,327.3,1.3,1.1,2019-08-16,1130,Terra,MODIS,48,6.0NRT,311.3,13.5,D
28.46,-17.848,313.4,1.9,1.3,2019-08-16,1135,Terra,MODIS,58,6.0NRT,302.8,26.1,D
43.54,-5.831,311.5,1.2,1.1,2019-08-16,1310,Aqua,MODIS,49,6.0NRT,299.2,7.1,D
40.504,-6.346,361.2,1.5,1.2,2019-08-17,1350,Aqua,MODIS,100,6.0NRT,314.3,132.5,D
40.506,-6.371,349.6,1.5,1.2,2019-08-17,1350,Aqua,MODIS,93,6.0NRT,317.4,79,D
40.508,-6.354,387.3,1.5,1.2,2019-08-17,1350,Aqua,MODIS,100,6.0NRT,319.3,306.1,D
40.503,-6.364,377.3,1.5,1.2,2019-08-17,1350,Aqua,MODIS,100,6.0NRT,320.7,223.4,D
28.027,-15.597,332.1,1,1,2019-08-17,2315,Terra,MODIS,100,6.0NRT,298.3,29.4,N
28.028,-15.587,363.2,1,1,2019-08-17,2315,Terra,MODIS,100,6.0NRT,302.8,93.7,N
28.018,-15.596,317.9,1,1,2019-08-17,2315,Terra,MODIS,95,6.0NRT,294.8,13.8,N
28.033,-15.619,309.7,1,1,2019-08-17,2315,Terra,MODIS,67,6.0NRT,294.2,6.9,N
28.034,-15.609,355.3,1,1,2019-08-17,2315,Terra,MODIS,100,6.0NRT,298.5,72.4,N
28.036,-15.599,323,1,1,2019-08-17,2315,Terra,MODIS,100,6.0NRT,295.7,18.3,N
28.037,-15.589,344.5,1,1,2019-08-17,2315,Terra,MODIS,100,6.0NRT,296.3,49.7,N
40.231,-5.332,317.9,2,1.4,2019-08-18,0150,Aqua,MODIS,96,6.0NRT,293.8,45.5,N
40.221,-5.328,364.7,2,1.4,2019-08-18,0150,Aqua,MODIS,100,6.0NRT,298.3,281.7,N
40.219,-5.304,341.2,2,1.4,2019-08-18,0150,Aqua,MODIS,100,6.0NRT,293.5,128.1,N
40.229,-5.305,325.8,2,1.4,2019-08-18,0150,Aqua,MODIS,100,6.0NRT,291.9,67.7,N
40.218,-5.335,345.7,2,1.4,2019-08-18,0150,Aqua,MODIS,100,6.0NRT,295.5,151.8,N
40.216,-5.309,344.1,2,1.4,2019-08-18,0150,Aqua,MODIS,100,6.0NRT,295,142.6,N
28.029,-15.59,321,3.5,1.8,2019-08-18,0335,Aqua,MODIS,100,6.0NRT,292.4,107.1,N
28.019,-15.548,306.6,3.5,1.8,2019-08-18,0335,Aqua,MODIS,25,6.0NRT,290.9,36.3,N
28.014,-15.596,316.6,3.5,1.8,2019-08-18,0335,Aqua,MODIS,91,6.0NRT,292.7,79.5,N
28.005,-15.556,306.5,3.5,1.8,2019-08-18,0335,Aqua,MODIS,25,6.0NRT,290.1,34.8,N
37.274,-5.944,328.2,1,1,2019-08-18,1115,Terra,MODIS,63,6.0NRT,309.7,10.7,D
28.044,-15.64,385.2,2.1,1.4,2019-08-18,1120,Terra,MODIS,100,6.0NRT,313.5,482.9,D
36.684,-4.486,331.5,1.1,1,2019-08-18,1120,Terra,MODIS,75,6.0NRT,309.7,16.2,D
36.682,-4.474,323.5,1.1,1,2019-08-18,1120,Terra,MODIS,47,6.0NRT,308.4,5.6,D
28.046,-15.664,346.7,2.1,1.4,2019-08-18,1120,Terra,MODIS,94,6.0NRT,306.7,124.4,D
28.027,-15.596,343,2.1,1.4,2019-08-18,1120,Terra,MODIS,92,6.0NRT,311.9,91.9,D
28.042,-15.617,371.7,2.1,1.4,2019-08-18,1120,Terra,MODIS,100,6.0NRT,312.6,315.9,D
28.04,-15.597,358.5,2.1,1.4,2019-08-18,1120,Terra,MODIS,99,6.0NRT,311.7,195.8,D
28.031,-15.641,326.7,2.1,1.4,2019-08-18,1120,Terra,MODIS,37,6.0NRT,307.5,28,D
28.012,-15.584,331.1,2.1,1.4,2019-08-18,1120,Terra,MODIS,77,6.0NRT,309.1,38.5,D
28.025,-15.583,357.9,2.1,1.4,2019-08-18,1120,Terra,MODIS,99,6.0NRT,312.2,187.5,D
28.029,-15.624,331.8,2.1,1.4,2019-08-18,1120,Terra,MODIS,55,6.0NRT,309.6,41.6,D
28.013,-15.578,327.5,2.1,1.4,2019-08-18,1120,Terra,MODIS,77,6.0NRT,308.8,24.6,D
28.029,-15.616,331.6,2.1,1.4,2019-08-18,1120,Terra,MODIS,79,6.0NRT,310.3,41,D
28.014,-15.596,332,2.1,1.4,2019-08-18,1120,Terra,MODIS,84,6.0NRT,309.7,40.8,D
28.025,-15.577,356,2.1,1.4,2019-08-18,1120,Terra,MODIS,98,6.0NRT,311.2,174.2,D
40.21,-5.315,322.9,1.9,1.4,2019-08-18,1255,Aqua,MODIS,69,6.0NRT,306.3,29,D
28.045,-15.627,385,1.3,1.1,2019-08-18,1430,Aqua,MODIS,100,6.0NRT,318.9,215.8,D
28.046,-15.615,351.6,1.3,1.1,2019-08-18,1430,Aqua,MODIS,96,6.0NRT,312.9,64,D
28.027,-15.689,403.9,1.3,1.1,2019-08-18,1430,Aqua,MODIS,100,6.0NRT,313.2,363.1,D
28.029,-15.676,371.1,1.3,1.1,2019-08-18,1430,Aqua,MODIS,100,6.0NRT,312,140.2,D
28.03,-15.663,363.7,1.3,1.1,2019-08-18,1430,Aqua,MODIS,100,6.0NRT,315.7,103.6,D
28.032,-15.651,342.8,1.3,1.1,2019-08-18,1430,Aqua,MODIS,91,6.0NRT,315.5,35.6,D
28.033,-15.638,335.1,1.3,1.1,2019-08-18,1430,Aqua,MODIS,76,6.0NRT,317.4,17.9,D
28.035,-15.627,342.2,1.3,1.1,2019-08-18,1430,Aqua,MODIS,91,6.0NRT,316.5,34.8,D
28.036,-15.614,345.7,1.3,1.1,2019-08-18,1430,Aqua,MODIS,92,6.0NRT,315.4,44.6,D
28.038,-15.6,370.2,1.3,1.1,2019-08-18,1430,Aqua,MODIS,100,6.0NRT,314.1,139.9,D
28.039,-15.587,345.2,1.3,1.1,2019-08-18,1430,Aqua,MODIS,93,6.0NRT,308.8,50.4,D
28.017,-15.687,338,1.3,1.1,2019-08-18,1430,Aqua,MODIS,89,6.0NRT,312.5,31.8,D
28.028,-15.599,334.3,1.3,1.1,2019-08-18,1430,Aqua,MODIS,46,6.0NRT,312.3,22.4,D
28.029,-15.586,345.6,1.3,1.1,2019-08-18,1430,Aqua,MODIS,93,6.0NRT,308.9,51.3,D
28.019,-15.585,338.7,1.3,1.1,2019-08-18,1430,Aqua,MODIS,89,6.0NRT,304.7,34.4,D
28.042,-15.652,365.3,1.3,1.1,2019-08-18,1430,Aqua,MODIS,100,6.0NRT,316,110.9,D
28.04,-15.664,411.3,1.3,1.1,2019-08-18,1430,Aqua,MODIS,100,6.0NRT,321.7,429.6,D
28.043,-15.64,367.4,1.3,1.1,2019-08-18,1430,Aqua,MODIS,100,6.0NRT,317.4,120,D
28.05,-15.665,336,1.3,1.1,2019-08-18,1430,Aqua,MODIS,71,6.0NRT,313.6,22.8,D
28.039,-15.677,358.7,1.3,1.1,2019-08-18,1430,Aqua,MODIS,99,6.0NRT,310.6,88.7,D
37.663,-6.881,313,1.1,1,2019-08-18,2220,Terra,MODIS,86,6.0NRT,295.3,11.2,N
37.656,-6.886,305.3,1.1,1,2019-08-18,2220,Terra,MODIS,64,6.0NRT,295.3,5.2,N
28.022,-15.655,322.4,4.2,1.9,2019-08-18,2355,Terra,MODIS,100,6.0NRT,296.4,131.1,N
28.06,-15.66,315.7,4.2,1.9,2019-08-18,2355,Terra,MODIS,89,6.0NRT,296.1,91.6,N
28.062,-15.618,338.6,4.2,1.9,2019-08-18,2355,Terra,MODIS,100,6.0NRT,294.8,312.8,N
28.038,-15.731,312.1,4.1,1.9,2019-08-18,2355,Terra,MODIS,36,6.0NRT,296,63.1,N
28.04,-15.699,340.9,4.1,1.9,2019-08-18,2355,Terra,MODIS,100,6.0NRT,299.8,331.3,N
28.043,-15.66,307.3,4.2,1.9,2019-08-18,2355,Terra,MODIS,40,6.0NRT,295,44,N
28.021,-15.737,312.6,4.1,1.9,2019-08-18,2355,Terra,MODIS,18,6.0NRT,297.5,63.1,N
28.026,-15.661,317.4,4.2,1.9,2019-08-18,2355,Terra,MODIS,57,6.0NRT,295.9,94.2,N
28.053,-15.697,315.2,4.1,1.9,2019-08-18,2355,Terra,MODIS,87,6.0NRT,296.8,85.1,N
28.056,-15.655,324,4.2,1.9,2019-08-18,2355,Terra,MODIS,100,6.0NRT,296.1,154.2,N
28.059,-15.612,335.7,4.2,1.9,2019-08-18,2355,Terra,MODIS,100,6.0NRT,295,279.9,N
28.034,-15.728,318.3,4.1,1.9,2019-08-18,2355,Terra,MODIS,96,6.0NRT,297.2,100.6,N
28.036,-15.694,336.3,4.1,1.9,2019-08-18,2355,Terra,MODIS,100,6.0NRT,299.5,267.1,N
28.017,-15.732,314.2,4.1,1.9,2019-08-18,2355,Terra,MODIS,45,6.0NRT,297.7,72.6,N
28.019,-15.694,318.8,4.1,1.9,2019-08-18,2355,Terra,MODIS,76,6.0NRT,297.7,100.1,N
28.003,-15.687,315,4.1,1.9,2019-08-18,2355,Terra,MODIS,58,6.0NRT,298.5,78.8,N
28.005,-15.647,317.8,4.2,1.9,2019-08-18,2355,Terra,MODIS,94,6.0NRT,298.2,102.2,N
27.99,-15.61,315.3,4.2,1.9,2019-08-18,2355,Terra,MODIS,88,6.0NRT,295.3,93.6,N
28.002,-15.64,317.9,4.2,1.9,2019-08-18,2355,Terra,MODIS,92,6.0NRT,297.6,102.8,N
28.004,-15.605,314.2,4.2,1.9,2019-08-18,2355,Terra,MODIS,76,6.0NRT,294,82.9,N
28.049,-15.593,314.8,1.3,1.1,2019-08-19,0240,Aqua,MODIS,27,6.0NRT,293.6,15.7,N
28.054,-15.612,309,1.3,1.1,2019-08-19,0240,Aqua,MODIS,3,6.0NRT,294.5,9.1,N
28.055,-15.709,307.3,1.3,1.1,2019-08-19,0240,Aqua,MODIS,29,6.0NRT,297.2,7,N
28.053,-15.693,324.7,1.3,1.1,2019-08-19,0240,Aqua,MODIS,100,6.0NRT,298.9,28.8,N
28.052,-15.68,334.3,1.3,1.1,2019-08-19,0240,Aqua,MODIS,100,6.0NRT,298.9,46.1,N
28.05,-15.668,323.4,1.3,1.1,2019-08-19,0240,Aqua,MODIS,100,6.0NRT,298.1,26.1,N
28.045,-15.712,325.9,1.3,1.1,2019-08-19,0240,Aqua,MODIS,100,6.0NRT,297.4,30.9,N
28.043,-15.695,351.9,1.3,1.1,2019-08-19,0240,Aqua,MODIS,100,6.0NRT,303.4,94.6,N
28.042,-15.682,315.9,1.3,1.1,2019-08-19,0240,Aqua,MODIS,89,6.0NRT,298.9,14.5,N
28.029,-15.575,308.9,1.3,1.1,2019-08-19,0240,Aqua,MODIS,25,6.0NRT,293,10.7,N
28.028,-15.656,317.2,1.3,1.1,2019-08-19,0240,Aqua,MODIS,93,6.0NRT,297.3,17.9,N
28.027,-15.642,343.1,1.3,1.1,2019-08-19,0240,Aqua,MODIS,100,6.0NRT,298.1,69.8,N
28.019,-15.576,319.7,1.3,1.1,2019-08-19,0240,Aqua,MODIS,99,6.0NRT,293.1,24,N
28.026,-15.728,320.8,1.3,1.1,2019-08-19,0240,Aqua,MODIS,91,6.0NRT,298.9,23.1,N
28.007,-15.648,319.4,1.3,1.1,2019-08-19,0240,Aqua,MODIS,98,6.0NRT,301.5,21.2,N
28.076,-15.644,308.9,1.3,1.1,2019-08-19,0240,Aqua,MODIS,46,6.0NRT,296.5,9.1,N
28.025,-15.713,318.4,1.3,1.1,2019-08-19,0240,Aqua,MODIS,73,6.0NRT,300.4,18.7,N
28.02,-15.672,322.4,1.3,1.1,2019-08-19,0240,Aqua,MODIS,100,6.0NRT,298.3,22.9,N
28.018,-15.658,341.3,1.3,1.1,2019-08-19,0240,Aqua,MODIS,100,6.0NRT,302.6,63.3,N
28.056,-15.625,319.5,1.3,1.1,2019-08-19,0240,Aqua,MODIS,98,6.0NRT,295.9,21.6,N
28.001,-15.69,311.6,1.3,1.1,2019-08-19,0240,Aqua,MODIS,54,6.0NRT,299.8,10.4,N
28.001,-15.605,314.5,1.3,1.1,2019-08-19,0240,Aqua,MODIS,85,6.0NRT,296.4,16.9,N
28.003,-15.62,325.8,1.3,1.1,2019-08-19,0240,Aqua,MODIS,100,6.0NRT,300.3,32.2,N
28.005,-15.634,322.5,1.3,1.1,2019-08-19,0240,Aqua,MODIS,100,6.0NRT,300.9,26.5,N
28.016,-15.645,377.5,1.3,1.1,2019-08-19,0240,Aqua,MODIS,100,6.0NRT,308.3,211.2,N
28.015,-15.631,312.3,1.3,1.1,2019-08-19,0240,Aqua,MODIS,69,6.0NRT,298.3,13.5,N
28.016,-15.728,310.5,1.3,1.1,2019-08-19,0240,Aqua,MODIS,23,6.0NRT,298.4,10.1,N
28.011,-15.688,312.5,1.3,1.1,2019-08-19,0240,Aqua,MODIS,51,6.0NRT,299.7,10.3,N
28.01,-15.675,335.1,1.3,1.1,2019-08-19,0240,Aqua,MODIS,100,6.0NRT,300,47.4,N
28.008,-15.662,348.2,1.3,1.1,2019-08-19,0240,Aqua,MODIS,100,6.0NRT,303.5,83.1,N
28.066,-15.645,350.4,1.3,1.1,2019-08-19,0240,Aqua,MODIS,100,6.0NRT,301.6,89.9,N
28.064,-15.631,354.2,1.3,1.1,2019-08-19,0240,Aqua,MODIS,100,6.0NRT,302,101.8,N
28.063,-15.618,333,1.3,1.1,2019-08-19,0240,Aqua,MODIS,100,6.0NRT,296.5,44.6,N
36.47,-5.145,319.4,4.4,1.9,2019-08-19,1020,Terra,MODIS,51,6.0NRT,305.7,61.9,D
28.043,-15.584,327.5,1.3,1.1,2019-08-19,1205,Terra,MODIS,47,6.0NRT,310.1,16.4,D
28.077,-15.656,333.4,1.3,1.1,2019-08-19,1205,Terra,MODIS,22,6.0NRT,315.8,23.7,D
27.989,-15.682,373.8,1.3,1.1,2019-08-19,1205,Terra,MODIS,100,6.0NRT,315.4,168.6,D
27.991,-15.694,360,1.3,1.1,2019-08-19,1205,Terra,MODIS,100,6.0NRT,313.3,102.7,D
27.997,-15.667,368.3,1.3,1.1,2019-08-19,1205,Terra,MODIS,100,6.0NRT,317.3,137.3,D
27.999,-15.68,360.8,1.3,1.1,2019-08-19,1205,Terra,MODIS,100,6.0NRT,322.5,104.1,D
28.001,-15.693,332.2,1.3,1.1,2019-08-19,1205,Terra,MODIS,55,6.0NRT,315.7,20.2,D
28.004,-15.708,332.4,1.3,1.1,2019-08-19,1205,Terra,MODIS,63,6.0NRT,313.4,21.3,D
28.004,-15.652,348.2,1.3,1.1,2019-08-19,1205,Terra,MODIS,94,6.0NRT,315.3,56.5,D
28.007,-15.665,369.7,1.3,1.1,2019-08-19,1205,Terra,MODIS,100,6.0NRT,321.6,141.6,D
28.018,-15.732,331.1,1.3,1.1,2019-08-19,1205,Terra,MODIS,82,6.0NRT,314.8,20.8,D
28.012,-15.638,360.8,1.3,1.1,2019-08-19,1205,Terra,MODIS,100,6.0NRT,319.7,103.4,D
28.015,-15.651,340.8,1.3,1.1,2019-08-19,1205,Terra,MODIS,90,6.0NRT,317.4,34,D
28.044,-15.7,332.8,1.3,1.1,2019-08-19,1205,Terra,MODIS,58,6.0NRT,311.4,23.8,D
28.046,-15.711,352.3,1.3,1.1,2019-08-19,1205,Terra,MODIS,96,6.0NRT,313,79.1,D
28.048,-15.722,324,1.3,1.1,2019-08-19,1205,Terra,MODIS,65,6.0NRT,307.6,11.9,D
28.052,-15.686,351.9,1.3,1.1,2019-08-19,1205,Terra,MODIS,88,6.0NRT,312.6,71.1,D
28.054,-15.698,349.6,1.3,1.1,2019-08-19,1205,Terra,MODIS,95,6.0NRT,312.9,68,D
28.056,-15.709,352.3,1.3,1.1,2019-08-19,1205,Terra,MODIS,96,6.0NRT,313.9,79.8,D
28.046,-15.589,330.8,1.3,1.1,2019-08-19,1205,Terra,MODIS,68,6.0NRT,310.5,21.6,D
28.045,-15.597,337.7,1.3,1.1,2019-08-19,1205,Terra,MODIS,68,6.0NRT,313.2,33.9,D
28.063,-15.635,341.7,1.3,1.1,2019-08-19,1205,Terra,MODIS,47,6.0NRT,319.5,37.9,D
28.073,-15.632,341.6,1.3,1.1,2019-08-19,1205,Terra,MODIS,64,6.0NRT,313.2,40.1,D
28.075,-15.645,340.9,1.3,1.1,2019-08-19,1205,Terra,MODIS,63,6.0NRT,317.1,38.8,D
28.059,-15.625,328.4,3.6,1.8,2019-08-19,1335,Aqua,MODIS,59,6.0NRT,310,84.8,D
28.051,-15.662,327.3,3.7,1.8,2019-08-19,1335,Aqua,MODIS,55,6.0NRT,311.3,68.9,D
28.042,-15.698,332.7,3.7,1.8,2019-08-19,1335,Aqua,MODIS,80,6.0NRT,308.5,99.8,D
27.986,-15.681,328.7,3.7,1.8,2019-08-19,1335,Aqua,MODIS,41,6.0NRT,311.7,76.3,D
28.002,-15.684,328.5,3.7,1.8,2019-08-19,1335,Aqua,MODIS,32,6.0NRT,314.1,70.3,D
28.003,-15.651,327.5,3.7,1.8,2019-08-19,1335,Aqua,MODIS,40,6.0NRT,312.2,63.2,D
27.994,-15.692,333.3,3.7,1.8,2019-08-19,1335,Aqua,MODIS,85,6.0NRT,313.8,108.8,D
36.463,-5.154,343.7,1.1,1,2019-08-19,1340,Aqua,MODIS,89,6.0NRT,312.6,40.6,D
36.473,-5.156,381.3,1.1,1,2019-08-19,1340,Aqua,MODIS,100,6.0NRT,312.1,165.8,D
36.471,-5.168,385,1.1,1,2019-08-19,1340,Aqua,MODIS,100,6.0NRT,315.9,184.4,D
36.462,-5.166,343.7,1.1,1,2019-08-19,1340,Aqua,MODIS,89,6.0NRT,314,40.2,D
28.058,-15.714,319,1.2,1.1,2019-08-19,2300,Terra,MODIS,97,6.0NRT,297.5,18.8,N
27.978,-15.641,319.4,1.2,1.1,2019-08-19,2300,Terra,MODIS,98,6.0NRT,299.4,18.5,N
27.988,-15.642,317.1,1.2,1.1,2019-08-19,2300,Terra,MODIS,93,6.0NRT,298.2,15.7,N
27.983,-15.667,310.4,1.2,1.1,2019-08-19,2300,Terra,MODIS,71,6.0NRT,299.3,8.6,N
28.006,-15.647,314.9,1.2,1.1,2019-08-19,2300,Terra,MODIS,87,6.0NRT,298.5,13.7,N
28.004,-15.66,313.9,1.2,1.1,2019-08-19,2300,Terra,MODIS,83,6.0NRT,299.1,12.1,N
28.057,-15.664,325.4,1.2,1.1,2019-08-19,2300,Terra,MODIS,100,6.0NRT,297.6,26.6,N
28.055,-15.675,356.4,1.2,1.1,2019-08-19,2300,Terra,MODIS,100,6.0NRT,301.8,94.7,N
28.053,-15.686,332.8,1.2,1.1,2019-08-19,2300,Terra,MODIS,100,6.0NRT,298.5,38,N
28.051,-15.698,320.6,1.2,1.1,2019-08-19,2300,Terra,MODIS,100,6.0NRT,298,20.1,N
28.063,-15.689,310,1.2,1.1,2019-08-19,2300,Terra,MODIS,69,6.0NRT,296.9,9.4,N
28.06,-15.701,339.1,1.2,1.1,2019-08-19,2300,Terra,MODIS,100,6.0NRT,299.7,50.8,N
36.479,-5.147,339.6,3,1.6,2019-08-19,2305,Terra,MODIS,100,6.0NRT,299.6,201.7,N
36.479,-5.153,336,3,1.6,2019-08-19,2305,Terra,MODIS,100,6.0NRT,299.5,174.6,N
36.481,-5.118,326.5,3,1.7,2019-08-19,2305,Terra,MODIS,100,6.0NRT,297.8,112.6,N
36.464,-5.15,321.4,3,1.6,2019-08-19,2305,Terra,MODIS,100,6.0NRT,297.8,86.3,N
36.465,-5.144,326.4,3,1.6,2019-08-19,2305,Terra,MODIS,100,6.0NRT,298.2,111.7,N
36.482,-5.112,316.9,3,1.7,2019-08-19,2305,Terra,MODIS,92,6.0NRT,297.2,62.9,N
36.474,-5.14,313.8,2.8,1.6,2019-08-20,0140,Aqua,MODIS,83,6.0NRT,295.8,49.2,N
36.475,-5.132,319.5,2.8,1.6,2019-08-20,0140,Aqua,MODIS,98,6.0NRT,296.3,73,N
36.488,-5.138,305.8,2.8,1.6,2019-08-20,0140,Aqua,MODIS,24,6.0NRT,295.3,24,N
28.059,-15.677,327.4,2.1,1.4,2019-08-20,0320,Aqua,MODIS,100,6.0NRT,296,75.3,N
27.985,-15.636,333.9,2.1,1.4,2019-08-20,0320,Aqua,MODIS,100,6.0NRT,297.8,100.1,N
27.981,-15.617,316.6,2.1,1.4,2019-08-20,0320,Aqua,MODIS,93,6.0NRT,296,42.1,N
28.063,-15.696,317.9,2.1,1.4,2019-08-20,0320,Aqua,MODIS,96,6.0NRT,296.1,44.3,N
27.984,-15.63,339.6,2.1,1.4,2019-08-20,0320,Aqua,MODIS,100,6.0NRT,298.7,126.9,N
28.054,-15.654,304.6,2.1,1.4,2019-08-20,0320,Aqua,MODIS,56,6.0NRT,292.8,16.8,N
36.739,-6.263,326.4,1.2,1.1,2019-08-20,1105,Terra,MODIS,71,6.0NRT,310.3,9.8,D
37.132,-5.621,326.8,1.1,1.1,2019-08-20,1105,Terra,MODIS,63,6.0NRT,310.5,7.7,D
40.055,-6.533,332.5,1.3,1.1,2019-08-20,1105,Terra,MODIS,79,6.0NRT,312.1,22.9,D
40.057,-6.548,334.3,1.3,1.1,2019-08-20,1105,Terra,MODIS,81,6.0NRT,312.8,26.5,D
28.062,-15.677,333.5,3.5,1.8,2019-08-20,1110,Terra,MODIS,63,6.0NRT,309.5,124.8,D
28.056,-15.669,333.6,3.5,1.8,2019-08-20,1110,Terra,MODIS,72,6.0NRT,309.9,130.1,D
28.008,-15.647,366.8,1,1,2019-08-20,1420,Aqua,MODIS,100,6.0NRT,324.9,82.5,D
28.06,-15.662,330.8,1,1,2019-08-20,1420,Aqua,MODIS,43,6.0NRT,315.3,9.8,D
28.059,-15.672,347.4,1,1,2019-08-20,1420,Aqua,MODIS,94,6.0NRT,315.5,36.7,D
28.009,-15.637,346.1,1,1,2019-08-20,1420,Aqua,MODIS,93,6.0NRT,325.1,31.8,D
28.056,-15.693,327.8,1,1,2019-08-20,1420,Aqua,MODIS,66,6.0NRT,310.4,8.3,D
28.065,-15.694,332.6,1,1,2019-08-20,1420,Aqua,MODIS,80,6.0NRT,311.7,14.2,D
28.154,-16.488,327.3,1,1,2019-08-20,1420,Aqua,MODIS,80,6.0NRT,309.5,10.1,D
28.051,-15.665,342.3,1,1,2019-08-20,1420,Aqua,MODIS,82,6.0NRT,316.4,24.3,D
40.375,-3.988,339,1,1,2019-08-20,2210,Terra,MODIS,100,6.0NRT,292.3,43.8,N
40.257,-5.343,319.9,1.1,1.1,2019-08-20,2210,Terra,MODIS,99,6.0NRT,288.1,22.9,N
43.539,-5.836,312.2,1.1,1,2019-08-20,2210,Terra,MODIS,84,6.0NRT,279.5,15.7,N
28.075,-15.683,308.6,2.5,1.5,2019-08-20,2345,Terra,MODIS,62,6.0NRT,294,33.6,N
28.068,-15.691,313.2,2.5,1.5,2019-08-20,2345,Terra,MODIS,81,6.0NRT,293.6,47.3,N
37.665,-6.882,302.9,1,1,2019-08-21,0225,Aqua,MODIS,52,6.0NRT,290.2,6.4,N
40.135,-6.894,330.8,1.6,1.3,2019-08-21,1145,Terra,MODIS,81,6.0NRT,307.2,29.7,D
40.146,-6.891,325.8,1.6,1.3,2019-08-21,1145,Terra,MODIS,76,6.0NRT,306.1,17.6,D
43.524,-5.732,316.3,1,1,2019-08-21,1330,Aqua,MODIS,42,6.0NRT,302.6,8.2,D
39.01,-5.676,305.2,1.9,1.3,2019-08-21,2250,Terra,MODIS,63,6.0NRT,292.8,15.7,N
38.411,-6.984,306.7,2.2,1.4,2019-08-22,2155,Terra,MODIS,69,6.0NRT,293.4,17.9,N
37.319,-5.13,328.7,1.2,1.1,2019-08-23,1315,Aqua,MODIS,64,6.0NRT,313.6,13.3,D
41.88,-5.037,327.6,1.1,1,2019-08-23,1315,Aqua,MODIS,55,6.0NRT,315.7,8.4,D
42.724,-1.649,304.6,2.4,1.5,2019-08-23,2240,Terra,MODIS,61,6.0NRT,288.8,23.2,N
43.531,-5.747,302.5,1.4,1.2,2019-08-23,2240,Terra,MODIS,49,6.0NRT,289.6,8.6,N
43.532,-5.728,309,1.4,1.2,2019-08-23,2240,Terra,MODIS,76,6.0NRT,289.8,15.3,N
43.522,-5.726,303.8,1.4,1.2,2019-08-23,2240,Terra,MODIS,31,6.0NRT,290,9.4,N
42.732,-1.656,306.1,2.4,1.5,2019-08-23,2240,Terra,MODIS,67,6.0NRT,289.1,28.7,N
37.299,-6.85,307.1,1.1,1,2019-08-23,2240,Terra,MODIS,70,6.0NRT,294.9,7,N
42.726,-1.644,322.9,1.6,1.3,2019-08-24,1040,Terra,MODIS,61,6.0NRT,308.8,17,D
37.332,-6.96,303.1,1,1,2019-08-25,2225,Terra,MODIS,53,6.0NRT,290.6,5.5,N
37.328,-7.332,330.9,1.1,1.1,2019-08-27,1110,Terra,MODIS,77,6.0NRT,308.6,19.1,D
37.329,-7.345,325.2,1.1,1.1,2019-08-27,1110,Terra,MODIS,58,6.0NRT,306.7,10.3,D
37.17,-5.624,327.6,1,1,2019-08-27,1110,Terra,MODIS,73,6.0NRT,311.6,9.1,D
38.616,-0.592,310.9,1.2,1.1,2019-08-27,1110,Terra,MODIS,40,6.0NRT,294.4,7.6,D
38.616,-0.585,310.9,1.2,1.1,2019-08-27,1110,Terra,MODIS,39,6.0NRT,294.5,7.8,D
40.025,-2.114,313.3,1,1,2019-08-27,1110,Terra,MODIS,65,6.0NRT,298.6,6,D
42.866,-2.674,319.1,1,1,2019-08-27,1110,Terra,MODIS,68,6.0NRT,296.2,8.8,D
42.872,-8.599,323.1,1,1,2019-08-28,1335,Aqua,MODIS,78,6.0NRT,299.3,15.4,D
41.926,0.182,306.1,1.2,1.1,2019-08-30,0215,Aqua,MODIS,67,6.0NRT,290.6,9.6,N
42.189,-4.269,302.9,1,1,2019-08-30,0215,Aqua,MODIS,52,6.0NRT,287,7.1,N
39.465,-0.712,325.3,1.2,1.1,2019-08-30,1320,Aqua,MODIS,63,6.0NRT,307.9,11.4,D
39.467,-0.699,327.8,1.2,1.1,2019-08-30,1320,Aqua,MODIS,70,6.0NRT,308.9,15.1,D
41.891,1.063,309.2,3.2,1.7,2019-08-30,2110,Terra,MODIS,77,6.0NRT,289.6,50.8,N
40.428,-3.457,323.7,1.6,1.2,2019-08-31,1045,Terra,MODIS,71,6.0NRT,306.4,16,D
40.427,-3.45,326.8,1.6,1.2,2019-08-31,1045,Terra,MODIS,76,6.0NRT,306.7,21.6,D
41.952,-0.368,329.2,1.2,1.1,2019-08-31,1045,Terra,MODIS,77,6.0NRT,305.3,23.2,D
40.251,-5.832,305.6,2.1,1.4,2019-08-31,2150,Terra,MODIS,65,6.0NRT,289.9,20.4,N
40.256,-5.822,315,1.4,1.2,2019-09-01,0205,Aqua,MODIS,90,6.0NRT,289.6,24.4,N
40.261,-5.828,305.7,1.4,1.2,2019-09-01,0205,Aqua,MODIS,65,6.0NRT,290.1,12.9,N
40.26,-5.81,308.2,1.4,1.2,2019-09-01,0205,Aqua,MODIS,74,6.0NRT,289.5,15.8,N
41.022,-6.761,337.7,1.1,1,2019-09-01,2235,Terra,MODIS,100,6.0NRT,294.3,43.3,N
41.975,-8.61,302,1,1,2019-09-01,2235,Terra,MODIS,46,6.0NRT,289.4,5.5,N
41.977,-8.598,345.1,1,1,2019-09-01,2235,Terra,MODIS,100,6.0NRT,290.3,54.2,N
41.968,-8.596,328.9,1,1,2019-09-01,2235,Terra,MODIS,100,6.0NRT,291.3,28.7,N
41.021,-6.773,304,1.1,1,2019-09-01,2235,Terra,MODIS,50,6.0NRT,293.5,5.6,N
41.013,-6.759,311.1,1.1,1,2019-09-01,2235,Terra,MODIS,82,6.0NRT,293.2,10.5,N
37.611,-5.412,316.7,1.1,1,2019-09-01,2235,Terra,MODIS,93,6.0NRT,296.4,14.6,N
41.011,-6.755,304.8,1.3,1.1,2019-09-02,0245,Aqua,MODIS,42,6.0NRT,287.6,10.7,N
41.022,-6.761,319.9,1.3,1.1,2019-09-02,0245,Aqua,MODIS,99,6.0NRT,289.4,27.2,N
41.024,-6.766,308.3,1.3,1.1,2019-09-02,0245,Aqua,MODIS,60,6.0NRT,289.4,13.5,N
41.021,-6.751,313.5,1.3,1.1,2019-09-02,0245,Aqua,MODIS,87,6.0NRT,289.1,19.5,N
42.706,-6.505,320,3.2,1.7,2019-09-02,1210,Terra,MODIS,76,6.0NRT,297.4,76.4,D
42.709,-6.49,320.7,1.6,1.2,2019-09-02,1350,Aqua,MODIS,67,6.0NRT,302.2,20.2,D
42.707,-6.508,377.1,1.6,1.2,2019-09-02,1350,Aqua,MODIS,100,6.0NRT,306.5,257.6,D
39.104,-2.089,315.8,2.1,1.4,2019-09-02,2140,Terra,MODIS,92,6.0NRT,289.5,41.4,N
39.105,-2.096,310.2,2.1,1.4,2019-09-02,2140,Terra,MODIS,79,6.0NRT,289.4,29.7,N
39.105,-2.082,319.7,1.3,1.1,2019-09-03,0150,Aqua,MODIS,99,6.0NRT,288.9,27.4,N
43.527,-5.731,319.4,1,1,2019-09-03,1115,Terra,MODIS,77,6.0NRT,300.3,12.6,D
38.95,-5.78,332.3,1,1,2019-09-03,1115,Terra,MODIS,72,6.0NRT,316.3,11.2,D
42.835,-2.739,318.7,1,1,2019-09-03,1115,Terra,MODIS,70,6.0NRT,303.5,8.9,D
36.762,-5.916,328.6,1,1,2019-09-03,1120,Terra,MODIS,75,6.0NRT,312.6,9.1,D
42.862,-2.673,323,1.2,1.1,2019-09-03,1255,Aqua,MODIS,77,6.0NRT,306.1,15.9,D
42.839,-2.744,317.3,1.2,1.1,2019-09-03,1255,Aqua,MODIS,51,6.0NRT,305.3,7.3,D
42.469,-7.697,303.9,1,1,2019-09-03,2220,Terra,MODIS,58,6.0NRT,289.3,6.9,N
42.958,-9.086,310.3,1,1,2019-09-04,0235,Aqua,MODIS,80,6.0NRT,285.9,12.7,N
42.211,-8.018,387.5,1,1,2019-09-04,1340,Aqua,MODIS,100,6.0NRT,308.7,186.2,D
43.537,-5.832,307.1,1.2,1.1,2019-09-04,1340,Aqua,MODIS,26,6.0NRT,291.1,5.5,D
42.213,-8.006,354.5,1,1,2019-09-04,1340,Aqua,MODIS,97,6.0NRT,302.7,68,D
41.961,-8.613,318.6,2.1,1.4,2019-09-04,2305,Terra,MODIS,97,6.0NRT,289.6,51.5,N
42.338,-8.034,303.2,2.3,1.5,2019-09-04,2305,Terra,MODIS,54,6.0NRT,288.3,22.7,N
41.962,-8.59,337.9,2.1,1.4,2019-09-04,2305,Terra,MODIS,100,6.0NRT,289.9,123,N
41.948,-8.613,306.8,2.1,1.4,2019-09-04,2305,Terra,MODIS,69,6.0NRT,288.5,25.8,N
41.95,-8.589,323.8,2.1,1.4,2019-09-04,2305,Terra,MODIS,100,6.0NRT,289.4,69.3,N
41.978,-8.611,305.9,2.6,1.6,2019-09-05,0315,Aqua,MODIS,11,6.0NRT,288.5,29.7,N
41.972,-8.586,371.8,2.6,1.6,2019-09-05,0315,Aqua,MODIS,100,6.0NRT,293.3,505.9,N
41.965,-8.559,303.1,2.6,1.6,2019-09-05,0315,Aqua,MODIS,8,6.0NRT,285.9,25.2,N
41.981,-8.588,333.1,2.6,1.6,2019-09-05,0315,Aqua,MODIS,100,6.0NRT,290.1,140.9,N
41.975,-8.562,308.6,2.6,1.6,2019-09-05,0315,Aqua,MODIS,75,6.0NRT,286.5,41.6,N
41.967,-8.594,356.1,2.6,1.6,2019-09-05,0315,Aqua,MODIS,100,6.0NRT,290.6,315.4,N
41.961,-8.568,319.3,2.6,1.6,2019-09-05,0315,Aqua,MODIS,98,6.0NRT,286.9,74.5,N
41.954,-8.601,303.3,2.6,1.6,2019-09-05,0315,Aqua,MODIS,54,6.0NRT,287.2,26.1,N
42.748,-8.94,331.6,1.9,1.3,2019-09-05,1105,Terra,MODIS,65,6.0NRT,293.4,76.2,D
42.624,-7.988,349.2,1.7,1.3,2019-09-05,1105,Terra,MODIS,95,6.0NRT,297.9,122.3,D
42.622,-7.967,312.5,1.7,1.3,2019-09-05,1105,Terra,MODIS,65,6.0NRT,296.2,16.6,D
42.017,-8.056,309.8,1.7,1.3,2019-09-05,1105,Terra,MODIS,51,6.0NRT,297,14.6,D
42.019,-8.062,310.1,1.7,1.3,2019-09-05,1105,Terra,MODIS,48,6.0NRT,297.8,14,D
41.961,-8.603,312.6,1.8,1.3,2019-09-05,1105,Terra,MODIS,32,6.0NRT,300.2,14.6,D
41.954,-8.611,316,1.8,1.3,2019-09-05,1105,Terra,MODIS,67,6.0NRT,300.7,23,D
41.944,-8.636,336.1,1.8,1.3,2019-09-05,1105,Terra,MODIS,88,6.0NRT,297.7,76.4,D
41.942,-8.612,336.1,1.8,1.3,2019-09-05,1105,Terra,MODIS,88,6.0NRT,299.9,76.2,D
40.02,-3.846,337.8,1,1,2019-09-05,1105,Terra,MODIS,86,6.0NRT,308.6,28.2,D
36.934,-5.982,326.9,1.1,1.1,2019-09-05,1105,Terra,MODIS,66,6.0NRT,309.4,11.2,D
37.243,-5.108,323.8,1.1,1,2019-09-05,1105,Terra,MODIS,60,6.0NRT,309,5.6,D
37.57,-5.362,326.8,1.1,1,2019-09-05,1105,Terra,MODIS,67,6.0NRT,310.3,9,D
41.641,-6.626,313.4,3.2,1.7,2019-09-05,1245,Aqua,MODIS,62,6.0NRT,299.2,34.8,D
42.621,-7.943,325,3.5,1.8,2019-09-05,1245,Aqua,MODIS,83,6.0NRT,293.3,127.4,D
42.627,-7.939,326.5,3.5,1.8,2019-09-05,1245,Aqua,MODIS,84,6.0NRT,293.4,137.6,D
42.54,-7.59,339.1,3.4,1.7,2019-09-05,1245,Aqua,MODIS,91,6.0NRT,299.6,217.7,D
42.55,-7.553,377.3,3.3,1.7,2019-09-05,1245,Aqua,MODIS,100,6.0NRT,302.6,792.9,D
42.535,-7.546,320.4,3.3,1.7,2019-09-05,1245,Aqua,MODIS,80,6.0NRT,299.7,79.5,D
42.544,-7.585,332.3,3.4,1.7,2019-09-05,1245,Aqua,MODIS,88,6.0NRT,299.7,162.9,D
42.554,-7.547,342.8,3.3,1.7,2019-09-05,1245,Aqua,MODIS,93,6.0NRT,300.9,254.5,D
42.529,-7.579,348.8,3.4,1.7,2019-09-05,1245,Aqua,MODIS,95,6.0NRT,297.7,322.4,D
42.539,-7.541,361.4,3.3,1.7,2019-09-05,1245,Aqua,MODIS,100,6.0NRT,300.6,493.5,D
41.931,-8.645,328.9,4,1.9,2019-09-05,1245,Aqua,MODIS,85,6.0NRT,297.7,183.6,D
41.945,-8.597,329,4,1.9,2019-09-05,1245,Aqua,MODIS,85,6.0NRT,298.4,184.4,D
41.927,-8.64,329.4,4,1.9,2019-09-05,1245,Aqua,MODIS,85,6.0NRT,297.4,188.1,D
41.94,-8.592,330.6,4,1.9,2019-09-05,1245,Aqua,MODIS,86,6.0NRT,297.8,198.4,D
41.649,-6.596,321.1,3.1,1.7,2019-09-05,1245,Aqua,MODIS,75,6.0NRT,299.7,72.2,D
41.65,-6.59,317.5,3.1,1.7,2019-09-05,1245,Aqua,MODIS,70,6.0NRT,299.5,54.5,D
41.093,-6.946,325.8,4,1.9,2019-09-05,1425,Aqua,MODIS,79,6.0NRT,304.3,113,D
41.097,-7.001,319.7,4,1.9,2019-09-05,1425,Aqua,MODIS,67,6.0NRT,303,61.5,D
41.099,-6.955,328.6,4,1.9,2019-09-05,1425,Aqua,MODIS,82,6.0NRT,303.6,137.6,D
41.091,-6.993,325.1,4,1.9,2019-09-05,1425,Aqua,MODIS,78,6.0NRT,302.9,103,D
41.941,-8.633,316.8,3.2,1.7,2019-09-05,1425,Aqua,MODIS,63,6.0NRT,302.3,50.8,D
42.511,-7.548,335.4,3.8,1.8,2019-09-05,1425,Aqua,MODIS,87,6.0NRT,298.3,222.5,D
42.509,-7.595,355.4,3.8,1.8,2019-09-05,1425,Aqua,MODIS,98,6.0NRT,294.8,487.8,D
42.527,-7.549,348.5,3.8,1.8,2019-09-05,1425,Aqua,MODIS,94,6.0NRT,301.9,378.1,D
42.525,-7.597,367,3.8,1.8,2019-09-05,1425,Aqua,MODIS,100,6.0NRT,299.1,704.2,D
42.518,-7.557,364.8,3.8,1.8,2019-09-05,1425,Aqua,MODIS,100,6.0NRT,300.5,659.4,D
42.517,-7.604,364.8,3.8,1.8,2019-09-05,1425,Aqua,MODIS,100,6.0NRT,296.7,657.1,D
42.535,-7.558,343.7,3.8,1.8,2019-09-05,1425,Aqua,MODIS,92,6.0NRT,302.1,312.4,D
42.533,-7.607,333.7,3.8,1.8,2019-09-05,1425,Aqua,MODIS,86,6.0NRT,297.7,203.7,D
42.551,-7.56,314.8,3.8,1.8,2019-09-05,1425,Aqua,MODIS,62,6.0NRT,299.8,63.9,D
42.625,-7.942,311.4,3.6,1.8,2019-09-05,1425,Aqua,MODIS,48,6.0NRT,294.5,49.4,D
41.81,-8.36,305.3,1.5,1.2,2019-09-05,2210,Terra,MODIS,64,6.0NRT,289.4,12.6,N
41.807,-8.352,319.5,1.5,1.2,2019-09-05,2210,Terra,MODIS,99,6.0NRT,289.9,31.3,N
41.814,-8.343,300.2,1.5,1.2,2019-09-05,2210,Terra,MODIS,21,6.0NRT,289.9,7.4,N
42.015,-8.071,332.4,1.4,1.2,2019-09-05,2210,Terra,MODIS,100,6.0NRT,286.4,57.2,N
42.012,-8.086,319.8,1.4,1.2,2019-09-05,2210,Terra,MODIS,99,6.0NRT,284.3,33.3,N
42.026,-8.074,323.9,1.4,1.2,2019-09-05,2210,Terra,MODIS,100,6.0NRT,283.7,40.5,N
42.023,-8.089,319.4,1.4,1.2,2019-09-05,2210,Terra,MODIS,99,6.0NRT,283.1,33.2,N
42.288,-7.16,330.7,1.3,1.1,2019-09-05,2210,Terra,MODIS,100,6.0NRT,284.3,45.6,N
42.285,-7.175,309.1,1.3,1.1,2019-09-05,2210,Terra,MODIS,77,6.0NRT,282.5,16.4,N
43.307,-7.948,308.7,1.3,1.1,2019-09-05,2210,Terra,MODIS,75,6.0NRT,283.4,17.3,N
42.019,-8.069,310.5,1.2,1.1,2019-09-06,0220,Aqua,MODIS,80,6.0NRT,282.3,16.9,N
43.544,-5.823,302.7,1,1,2019-09-06,0220,Aqua,MODIS,51,6.0NRT,284.4,8.1,N
42.954,-9.253,305.6,1.4,1.2,2019-09-06,0220,Aqua,MODIS,65,6.0NRT,286.1,13.9,N
42.023,-8.089,303.4,1.2,1.1,2019-09-06,0220,Aqua,MODIS,55,6.0NRT,281,10.9,N
42.022,-8.075,332.1,1.2,1.1,2019-09-06,0220,Aqua,MODIS,100,6.0NRT,283.4,44.6,N
42.02,-8.082,315.8,1.2,1.1,2019-09-06,0220,Aqua,MODIS,92,6.0NRT,282,22.2,N
42.02,-8.052,326.6,1.3,1.1,2019-09-06,1145,Terra,MODIS,81,6.0NRT,299.8,31,D
39.795,-6.368,326.7,1.8,1.3,2019-09-06,1145,Terra,MODIS,68,6.0NRT,308.3,30.2,D
42.023,-8.069,343.3,1.3,1.1,2019-09-06,1145,Terra,MODIS,92,6.0NRT,302.6,66.6,D
42.022,-8.063,353.9,1.3,1.1,2019-09-06,1145,Terra,MODIS,97,6.0NRT,303.6,99.1,D
42.025,-8.079,313.1,1.3,1.1,2019-09-06,1145,Terra,MODIS,64,6.0NRT,297.9,13.4,D
42.021,-8.084,309.9,1.1,1,2019-09-06,1330,Aqua,MODIS,38,6.0NRT,299.5,5.9,D
42.798,-8.862,324.2,1.1,1,2019-09-06,1330,Aqua,MODIS,80,6.0NRT,298.1,20.7,D
42.023,-8.072,313.2,1.1,1,2019-09-06,1330,Aqua,MODIS,55,6.0NRT,300.2,8.4,D
43.038,-8.939,305,1.4,1.2,2019-09-06,2255,Terra,MODIS,62,6.0NRT,284.5,14.4,N
43.027,-8.937,326.5,1.4,1.2,2019-09-06,2255,Terra,MODIS,100,6.0NRT,285.6,43.5,N
43.029,-8.92,324.6,1.4,1.2,2019-09-06,2255,Terra,MODIS,100,6.0NRT,285.6,40.1,N
43.039,-8.922,302.3,1.4,1.2,2019-09-06,2255,Terra,MODIS,48,6.0NRT,284.6,12,N
41.881,-7.954,306.5,1.5,1.2,2019-09-06,2255,Terra,MODIS,68,6.0NRT,283.3,18.7,N
42.624,-9.002,385.1,1.6,1.2,2019-09-07,0305,Aqua,MODIS,100,6.0NRT,300.7,355.9,N
42.613,-9.005,325.8,1.6,1.2,2019-09-07,0305,Aqua,MODIS,100,6.0NRT,291.1,49.6,N
42.617,-9.024,336,1.6,1.2,2019-09-07,0305,Aqua,MODIS,100,6.0NRT,292.2,75.5,N
42.62,-8.983,308.9,1.6,1.3,2019-09-07,0305,Aqua,MODIS,76,6.0NRT,289.8,19.7,N
42.628,-9.02,342.4,1.6,1.2,2019-09-07,0305,Aqua,MODIS,100,6.0NRT,291.7,95.6,N
42.623,-8.995,369,1.6,1.2,2019-09-07,0305,Aqua,MODIS,100,6.0NRT,296.7,229.5,N
42.626,-9.014,371.5,1.6,1.2,2019-09-07,0305,Aqua,MODIS,100,6.0NRT,297.1,244.7,N
43.139,-7.813,300.7,1.8,1.3,2019-09-07,0305,Aqua,MODIS,33,6.0NRT,282.3,16.6,N
42.78,-2.881,316.5,1.3,1.1,2019-09-07,1050,Terra,MODIS,61,6.0NRT,296.2,15.6,D
42.779,-2.865,319.7,1.3,1.1,2019-09-07,1050,Terra,MODIS,69,6.0NRT,300.3,19.4,D
42.77,-2.886,310.9,2.7,1.6,2019-09-07,1235,Aqua,MODIS,59,6.0NRT,294.8,27.6,D
42.766,-2.88,310.2,2.7,1.6,2019-09-07,1235,Aqua,MODIS,47,6.0NRT,295.8,24.3,D
41.993,-8.634,316.7,2.1,1.4,2019-09-07,1410,Aqua,MODIS,65,6.0NRT,304.3,23.2,D
42.734,-8.886,306.5,2.1,1.4,2019-09-07,1410,Aqua,MODIS,50,6.0NRT,295.4,12.2,D
42.735,-8.895,307.4,2.1,1.4,2019-09-07,1410,Aqua,MODIS,58,6.0NRT,295,14,D
37.72,-6.148,313.9,2.1,1.4,2019-09-07,2155,Terra,MODIS,87,6.0NRT,281.1,39.4,N
37.725,-6.126,311.3,2,1.4,2019-09-07,2155,Terra,MODIS,77,6.0NRT,289,32.1,N
41.257,-0.874,300.5,1,1,2019-09-07,2155,Terra,MODIS,29,6.0NRT,285.8,6,N
43.539,-5.826,300.5,1.4,1.2,2019-09-07,2200,Terra,MODIS,29,6.0NRT,284.3,10.8,N
42.175,-7.085,323.7,1.2,1.1,2019-09-08,1315,Aqua,MODIS,76,6.0NRT,304.7,20.5,D
43.54,-5.834,312.4,1.1,1,2019-09-08,1315,Aqua,MODIS,69,6.0NRT,298.8,9,D
41.946,-6.966,306.2,1.2,1.1,2019-09-08,2240,Terra,MODIS,67,6.0NRT,284.8,12.7,N
41.948,-6.952,348.9,1.2,1.1,2019-09-08,2240,Terra,MODIS,100,6.0NRT,285.9,83.2,N
41.913,-4.778,307.3,1.5,1.2,2019-09-08,2240,Terra,MODIS,71,6.0NRT,283.8,20.6,N
41.912,-4.771,310.9,1.5,1.2,2019-09-08,2240,Terra,MODIS,81,6.0NRT,283.8,24,N
42.138,-7.804,300,1.1,1.1,2019-09-08,2240,Terra,MODIS,11,6.0NRT,284.9,7.9,N
42.134,-7.796,306.7,1.1,1.1,2019-09-08,2240,Terra,MODIS,69,6.0NRT,284.9,11.6,N
39.798,-1.851,321.6,4.3,1.9,2019-09-09,1220,Aqua,MODIS,74,6.0NRT,296.2,123.9,D
39.782,-1.843,330.4,4.3,1.9,2019-09-09,1220,Aqua,MODIS,83,6.0NRT,293,201.4,D
39.783,-1.89,315.8,4.3,1.9,2019-09-09,1220,Aqua,MODIS,65,6.0NRT,295.8,79.4,D
39.796,-1.842,335,4.3,1.9,2019-09-09,1220,Aqua,MODIS,87,6.0NRT,295.7,259.7,D
38.31,-5.165,345.9,2,1.4,2019-09-09,1355,Aqua,MODIS,92,6.0NRT,305.2,118.8,D
38.311,-5.17,360.9,2,1.4,2019-09-09,1355,Aqua,MODIS,94,6.0NRT,305,218.2,D
39.797,-1.828,349.8,3.4,1.7,2019-09-09,1400,Aqua,MODIS,95,6.0NRT,298,331.1,D
39.791,-1.833,352.1,3.4,1.7,2019-09-09,1400,Aqua,MODIS,96,6.0NRT,298.8,363,D
39.795,-1.868,320,3.4,1.7,2019-09-09,1400,Aqua,MODIS,68,6.0NRT,297.8,70.3,D
39.789,-1.872,313.1,3.4,1.7,2019-09-09,1400,Aqua,MODIS,34,6.0NRT,298.8,37,D
39.109,-2.01,300.8,1.6,1.3,2019-09-09,2145,Terra,MODIS,23,6.0NRT,278.3,13.4,N
39.117,-2.012,309.2,1.1,1,2019-09-10,0200,Aqua,MODIS,77,6.0NRT,287.5,12.6,N
36.958,-5.651,314,1.1,1,2019-09-10,1125,Terra,MODIS,53,6.0NRT,300.8,5.2,D
38.708,-6.812,317.6,1,1,2019-09-10,1125,Terra,MODIS,48,6.0NRT,300.6,6.9,D
39.084,-5.428,334.3,1.1,1,2019-09-10,1125,Terra,MODIS,84,6.0NRT,306.4,24.9,D
39.086,-5.44,323.6,1,1,2019-09-10,1125,Terra,MODIS,72,6.0NRT,307.3,10.9,D
40.14,-5.71,313,1,1,2019-09-10,1125,Terra,MODIS,38,6.0NRT,298.3,8.1,D
36.564,-5.904,319.2,1.1,1,2019-09-10,1125,Terra,MODIS,71,6.0NRT,298.7,10.5,D
40.116,-5.389,326.2,1,1,2019-09-10,1125,Terra,MODIS,74,6.0NRT,306.7,14.9,D
40.107,-5.385,322.5,1,1,2019-09-10,1125,Terra,MODIS,60,6.0NRT,305.1,13.2,D
40.127,-5.398,334.4,1,1,2019-09-10,1125,Terra,MODIS,82,6.0NRT,308.7,26.1,D
40.118,-5.401,323.6,1,1,2019-09-10,1125,Terra,MODIS,48,6.0NRT,307.6,12.1,D
38.149,-6.62,327,2.1,1.4,2019-09-10,1300,Aqua,MODIS,78,6.0NRT,305.6,47.3,D
42.15,-8.117,315,1,1,2019-09-11,0240,Aqua,MODIS,90,6.0NRT,283.7,17.1,N
37.423,-6.329,332.9,1.2,1.1,2019-09-11,1345,Aqua,MODIS,79,6.0NRT,312.9,19.6,D
40.081,-6.282,343.4,1.2,1.1,2019-09-11,1345,Aqua,MODIS,90,6.0NRT,305.6,54.2,D
40.083,-6.267,346.5,1.2,1.1,2019-09-11,1345,Aqua,MODIS,92,6.0NRT,306.4,62.3,D
41.152,-6.841,318.5,4.2,1.9,2019-09-11,2135,Terra,MODIS,97,6.0NRT,288,139.2,N
41.125,-6.891,307.7,4.2,1.9,2019-09-11,2135,Terra,MODIS,72,6.0NRT,288.2,72.2,N
41.139,-6.841,320.6,4.2,1.9,2019-09-11,2135,Terra,MODIS,100,6.0NRT,288.2,154.3,N
41.138,-6.892,315.3,4.2,1.9,2019-09-11,2135,Terra,MODIS,91,6.0NRT,288.3,118.1,N
41.118,-6.787,309.5,3.3,1.7,2019-09-11,2310,Terra,MODIS,78,6.0NRT,286.8,62.5,N
41.12,-6.824,304.5,3.3,1.7,2019-09-11,2310,Terra,MODIS,57,6.0NRT,279.3,43.7,N
41.716,-7.975,309.7,3.8,1.8,2019-09-12,0145,Aqua,MODIS,78,6.0NRT,286.3,78.4,N
41.144,-6.844,300.6,3.2,1.7,2019-09-12,0145,Aqua,MODIS,23,6.0NRT,284.4,31,N
41.726,-8.021,309.6,3.8,1.8,2019-09-12,0145,Aqua,MODIS,65,6.0NRT,287.5,72.7,N
41.725,-7.968,309.5,3.8,1.8,2019-09-12,0145,Aqua,MODIS,63,6.0NRT,286.1,71.9,N
41.718,-8.026,302.1,3.8,1.8,2019-09-12,0145,Aqua,MODIS,46,6.0NRT,287,44.7,N
40.444,-3.604,324,1,1,2019-09-12,1110,Terra,MODIS,73,6.0NRT,301,12.4,D
41.105,-6.812,323.4,1.2,1.1,2019-09-12,1110,Terra,MODIS,63,6.0NRT,304.3,15.1,D
41.107,-6.825,325.8,1.2,1.1,2019-09-12,1110,Terra,MODIS,75,6.0NRT,302.3,19.6,D
41.115,-6.81,339.1,1.2,1.1,2019-09-12,1110,Terra,MODIS,88,6.0NRT,304.3,41.6,D
41.116,-6.823,353.5,1.2,1.1,2019-09-12,1110,Terra,MODIS,96,6.0NRT,303.2,78.4,D
41.716,0.363,313.5,1.2,1.1,2019-09-12,1110,Terra,MODIS,54,6.0NRT,300.6,8.7,D
41.718,0.349,313.2,1.2,1.1,2019-09-12,1110,Terra,MODIS,50,6.0NRT,300.3,7.8,D
42.867,-2.665,316,1,1,2019-09-12,1110,Terra,MODIS,72,6.0NRT,301,8.1,D
43.542,-5.834,310.8,1.2,1.1,2019-09-12,1110,Terra,MODIS,68,6.0NRT,296.8,9.2,D
43.271,-2.03,308.4,1,1,2019-09-12,1110,Terra,MODIS,60,6.0NRT,295,5.9,D
36.775,-6.02,317.6,1,1,2019-09-12,1110,Terra,MODIS,41,6.0NRT,300.8,5.7,D
37.033,-5.626,318.9,1,1,2019-09-12,1110,Terra,MODIS,53,6.0NRT,302.6,6.4,D
38.954,-6.725,321,1.1,1.1,2019-09-12,1110,Terra,MODIS,61,6.0NRT,303.1,10.1,D
43.269,-2.018,314.1,1,1,2019-09-12,1110,Terra,MODIS,74,6.0NRT,296.2,9.9,D
41.72,-8.01,321.5,3.1,1.7,2019-09-12,1250,Aqua,MODIS,73,6.0NRT,298.9,72.5,D
37.479,-6.502,311.7,1.2,1.1,2019-09-12,2215,Terra,MODIS,28,6.0NRT,290.8,11.5,N
37.481,-6.489,358.6,1.2,1.1,2019-09-12,2215,Terra,MODIS,100,6.0NRT,294.6,106,N
37.484,-6.476,378.4,1.2,1.1,2019-09-12,2215,Terra,MODIS,100,6.0NRT,296.7,190.7,N
41.923,0.178,300.8,1.3,1.1,2019-09-12,2215,Terra,MODIS,33,6.0NRT,288.6,7.8,N
43.527,-5.736,308.4,1,1,2019-09-12,2215,Terra,MODIS,74,6.0NRT,288.2,10.3,N
43.541,-5.83,301,1,1,2019-09-12,2215,Terra,MODIS,36,6.0NRT,287.8,5.8,N
37.491,-6.492,315.9,1.2,1.1,2019-09-12,2215,Terra,MODIS,51,6.0NRT,290.9,14.5,N
43.544,-5.831,300.5,1,1,2019-09-13,0225,Aqua,MODIS,29,6.0NRT,287.5,5.7,N
28.073,-16.521,324.1,1,1,2019-09-13,1155,Terra,MODIS,58,6.0NRT,307,8.7,D
37.452,-5.336,324.3,1,1,2019-09-13,1335,Aqua,MODIS,75,6.0NRT,305,10.1,D
42.139,-8.439,323.9,1,1,2019-09-13,1335,Aqua,MODIS,75,6.0NRT,305.3,12.6,D
41.994,-7.254,320.4,2.1,1.4,2019-09-13,2300,Terra,MODIS,100,6.0NRT,285.1,55.4,N
42.486,-7.225,327.3,2.1,1.4,2019-09-13,2300,Terra,MODIS,100,6.0NRT,282,79,N
42.472,-7.248,300.7,2.1,1.4,2019-09-13,2300,Terra,MODIS,33,6.0NRT,282,14.7,N
42.473,-7.225,332.8,2.1,1.4,2019-09-13,2300,Terra,MODIS,100,6.0NRT,283.3,100.1,N
42.484,-7.244,306.4,2.1,1.4,2019-09-13,2300,Terra,MODIS,68,6.0NRT,281.6,24.2,N
42.486,-7.22,324.9,2.1,1.4,2019-09-13,2300,Terra,MODIS,100,6.0NRT,282,70.8,N
42.471,-7.243,311.6,2.1,1.4,2019-09-13,2300,Terra,MODIS,83,6.0NRT,282.4,34.2,N
42.473,-7.221,328.5,2.1,1.4,2019-09-13,2300,Terra,MODIS,100,6.0NRT,282.9,82.8,N
41.996,-7.229,362.1,2.1,1.4,2019-09-13,2300,Terra,MODIS,100,6.0NRT,288.7,265.9,N
41.997,-7.205,348.4,2.1,1.4,2019-09-13,2300,Terra,MODIS,100,6.0NRT,288.3,173.2,N
41.999,-7.18,307.7,2.1,1.4,2019-09-13,2300,Terra,MODIS,72,6.0NRT,285,27.3,N
41.981,-7.253,301.1,2.1,1.4,2019-09-13,2300,Terra,MODIS,37,6.0NRT,285.4,14.7,N
41.983,-7.228,334.8,2.1,1.4,2019-09-13,2300,Terra,MODIS,100,6.0NRT,288,103.5,N
41.985,-7.203,327.5,2.1,1.4,2019-09-13,2300,Terra,MODIS,100,6.0NRT,289.7,75.7,N
41.987,-7.178,313.3,2.1,1.4,2019-09-13,2300,Terra,MODIS,87,6.0NRT,286.2,37.2,N
41.866,-8.255,303.9,1.8,1.3,2019-09-13,2300,Terra,MODIS,57,6.0NRT,283.8,15.1,N
41.778,-7.383,305.5,2,1.4,2019-09-13,2300,Terra,MODIS,64,6.0NRT,284.9,22.3,N
41.78,-7.36,308.6,2,1.4,2019-09-13,2300,Terra,MODIS,75,6.0NRT,284.9,28.1,N
41.673,-7.415,328.2,2,1.4,2019-09-13,2300,Terra,MODIS,100,6.0NRT,284.8,74.6,N
42.855,-7.964,304.8,1.9,1.3,2019-09-13,2300,Terra,MODIS,62,6.0NRT,283.9,20.3,N
42.856,-7.942,302.3,1.9,1.4,2019-09-13,2300,Terra,MODIS,48,6.0NRT,283.6,16.8,N
42.912,-6.21,309.2,2.4,1.5,2019-09-13,2300,Terra,MODIS,77,6.0NRT,278.6,44,N
42.914,-6.18,316.5,2.4,1.5,2019-09-13,2300,Terra,MODIS,93,6.0NRT,276.8,65.7,N
42.905,-6.204,321.4,2.4,1.5,2019-09-13,2300,Terra,MODIS,100,6.0NRT,278.1,80.5,N
42.907,-6.174,313.1,2.4,1.5,2019-09-13,2300,Terra,MODIS,86,6.0NRT,276.2,54.5,N
42.486,-7.217,312.3,2.5,1.5,2019-09-14,0310,Aqua,MODIS,85,6.0NRT,279.2,50.4,N
42.474,-7.224,304,2.5,1.5,2019-09-14,0310,Aqua,MODIS,58,6.0NRT,280.3,31.2,N
42.58,-8.326,308,2.2,1.4,2019-09-14,1100,Terra,MODIS,40,6.0NRT,293.3,13.6,D
42.578,-8.299,307.9,2.1,1.4,2019-09-14,1100,Terra,MODIS,39,6.0NRT,293.1,12.6,D
42.987,-2.194,312.5,2,1.4,2019-09-14,1240,Aqua,MODIS,55,6.0NRT,289.3,24.8,D
28.156,-16.488,323.5,1.1,1,2019-09-14,1415,Aqua,MODIS,76,6.0NRT,308.8,8.2,D
43.064,-8.635,310.7,1.7,1.3,2019-09-14,2205,Terra,MODIS,81,6.0NRT,287,26,N
42.412,-6.458,300.7,1.4,1.2,2019-09-14,2205,Terra,MODIS,33,6.0NRT,281.3,10.5,N
41.986,-8.615,304,1.8,1.3,2019-09-14,2205,Terra,MODIS,24,6.0NRT,287.2,15.8,N
41.997,-8.6,304.1,1.8,1.3,2019-09-14,2205,Terra,MODIS,36,6.0NRT,290,13.4,N
42.219,-8.561,302.5,1.8,1.3,2019-09-14,2205,Terra,MODIS,50,6.0NRT,290.2,11,N
43.542,-5.821,303.7,1.1,1.1,2019-09-15,0215,Aqua,MODIS,57,6.0NRT,287.5,8.7,N
41.727,-8.293,335.2,1.4,1.2,2019-09-15,0215,Aqua,MODIS,94,6.0NRT,287.4,63.2,N
41.728,-8.309,323.7,1.4,1.2,2019-09-15,0215,Aqua,MODIS,77,6.0NRT,283.3,38.7,N
41.734,-8.302,309,1.4,1.2,2019-09-15,0215,Aqua,MODIS,64,6.0NRT,289.3,16.9,N
43.061,-8.621,304.1,1.5,1.2,2019-09-15,0215,Aqua,MODIS,59,6.0NRT,287,14.1,N
43.544,-5.835,301.5,1.1,1.1,2019-09-15,0215,Aqua,MODIS,42,6.0NRT,287.7,7.1,N
43.537,-5.831,309.4,1,1,2019-09-15,1320,Aqua,MODIS,58,6.0NRT,295.4,5.4,D
43.062,-8.887,300.7,1.3,1.1,2019-09-16,0300,Aqua,MODIS,32,6.0NRT,286.2,9.1,N
43.3,-6.951,307.6,2.8,1.6,2019-09-16,1045,Terra,MODIS,61,6.0NRT,290.6,22.3,D
42.451,-1.494,314,2.8,1.6,2019-09-16,1225,Aqua,MODIS,69,6.0NRT,295.2,32.2,D
42.289,3.199,312.6,1.6,1.2,2019-09-16,1225,Aqua,MODIS,55,6.0NRT,297.7,9.6,D
43.22,-8.755,315.4,1.2,1.1,2019-09-18,1355,Aqua,MODIS,70,6.0NRT,295.4,12.3,D
43.275,-2.027,309.2,1.1,1,2019-09-19,1115,Terra,MODIS,60,6.0NRT,295.6,6.3,D
36.788,-5.669,320.7,1,1,2019-09-19,1115,Terra,MODIS,63,6.0NRT,307.1,5.2,D
43.525,-5.724,311.7,1,1,2019-09-19,1115,Terra,MODIS,48,6.0NRT,298.3,5.7,D
43.527,-5.737,316.8,1,1,2019-09-19,1115,Terra,MODIS,74,6.0NRT,298.6,10.7,D
37.631,-5.139,322.5,1,1,2019-09-19,1115,Terra,MODIS,71,6.0NRT,304.1,9.2,D
42.402,-7.197,311,1.1,1,2019-09-19,1115,Terra,MODIS,60,6.0NRT,298.5,6.6,D
43.543,-5.829,300.7,1,1,2019-09-19,2220,Terra,MODIS,32,6.0NRT,287.3,5.5,N
43.528,-5.735,303.9,1,1,2019-09-19,2220,Terra,MODIS,58,6.0NRT,287.5,7.1,N
42.809,-1.466,318.2,2,1.4,2019-09-20,1340,Aqua,MODIS,72,6.0NRT,298.4,31.1,D
43.52,-5.738,317.6,1.2,1.1,2019-09-20,1340,Aqua,MODIS,71,6.0NRT,300.1,13.6,D
42.808,-1.491,323.6,2,1.4,2019-09-20,1340,Aqua,MODIS,81,6.0NRT,298,45.7,D
29.22,-13.534,311.4,1.1,1.1,2019-09-22,1150,Terra,MODIS,48,6.0NRT,298.1,10.7,D
37.011,-5.611,321.2,1.5,1.2,2019-09-24,1135,Terra,MODIS,51,6.0NRT,309.3,10.4,D
36.955,-5.685,329,1.5,1.2,2019-09-24,1135,Terra,MODIS,78,6.0NRT,310.4,24.9,D
38.952,-6.049,315.3,1.3,1.1,2019-09-24,1135,Terra,MODIS,60,6.0NRT,301.3,8.7,D
42.583,-1.885,317.6,1.8,1.3,2019-09-24,1135,Terra,MODIS,74,6.0NRT,300.4,19.6,D
43.524,-5.741,305.8,1.1,1,2019-09-24,1315,Aqua,MODIS,45,6.0NRT,294.7,4.6,D
43.526,-5.728,307.5,1.1,1,2019-09-24,1315,Aqua,MODIS,58,6.0NRT,295.3,5.2,D
43.022,-4.029,301.2,1,1,2019-09-24,1315,Aqua,MODIS,0,6.0NRT,287.2,3.9,D
37.597,-5.379,320.8,2.4,1.5,2019-09-25,1040,Terra,MODIS,71,6.0NRT,305.5,25.8,D
37.602,-5.386,319.9,2.4,1.5,2019-09-25,1040,Terra,MODIS,69,6.0NRT,304.8,22.3,D
42.65,-1.679,319.7,1.3,1.1,2019-09-26,1120,Terra,MODIS,76,6.0NRT,297.4,15.2,D
41.6,-4.711,313,1,1,2019-09-26,1120,Terra,MODIS,48,6.0NRT,298.7,5.8,D
41.964,-4.498,311.6,1,1,2019-09-26,1120,Terra,MODIS,57,6.0NRT,296.9,5.5,D
42.655,-1.709,315.2,1.3,1.1,2019-09-26,1120,Terra,MODIS,59,6.0NRT,297.2,9.2,D
43.527,-5.722,314.4,1,1,2019-09-26,1120,Terra,MODIS,45,6.0NRT,298.4,7.4,D
43.529,-5.735,313.7,1,1,2019-09-26,1120,Terra,MODIS,33,6.0NRT,297.8,6.9,D
43.543,-5.832,311.5,1,1,2019-09-26,1120,Terra,MODIS,66,6.0NRT,298.9,7.4,D
37.211,-5.864,324.9,1.1,1,2019-09-26,1125,Terra,MODIS,45,6.0NRT,311.2,8.2,D
39.072,-5.789,316.7,1,1,2019-09-26,1125,Terra,MODIS,38,6.0NRT,298.9,8.1,D
36.946,-5.673,324.2,1.1,1,2019-09-26,1125,Terra,MODIS,70,6.0NRT,311.7,8.4,D
43.54,-5.829,306.8,1.4,1.2,2019-09-26,1305,Aqua,MODIS,54,6.0NRT,296.3,7.7,D
43.535,-5.834,308.4,1.4,1.2,2019-09-26,1305,Aqua,MODIS,52,6.0NRT,296.4,8.8,D
40.437,-3.616,315.8,1.3,1.1,2019-09-26,1305,Aqua,MODIS,61,6.0NRT,300.1,8.9,D
42.513,-1.882,332.5,1,1,2019-09-26,1305,Aqua,MODIS,86,6.0NRT,305,23.1,D
42.522,-1.885,321.9,1,1,2019-09-26,1305,Aqua,MODIS,77,6.0NRT,304.4,10.2,D
40.44,-3.602,319.4,1.3,1.1,2019-09-26,1305,Aqua,MODIS,69,6.0NRT,300.4,13,D
37.12,-6.234,310.6,1,1,2019-09-26,2225,Terra,MODIS,80,6.0NRT,289.1,11.4,N
37.119,-6.245,304.5,1,1,2019-09-26,2225,Terra,MODIS,60,6.0NRT,288.1,7.3,N
42.206,-4.392,317.2,1.2,1.1,2019-09-26,2230,Terra,MODIS,95,6.0NRT,283.5,22.9,N
37.25,-7.14,314.3,3.5,1.8,2019-09-27,1205,Terra,MODIS,0,6.0NRT,301.5,31.2,D
37.339,-6.976,363.8,1.1,1,2019-09-27,1345,Aqua,MODIS,87,6.0NRT,313.4,95.8,D
37.341,-6.964,323.6,1.1,1,2019-09-27,1345,Aqua,MODIS,42,6.0NRT,310,8.7,D
42.243,-4.107,317.9,1,1,2019-09-28,1110,Terra,MODIS,72,6.0NRT,301.1,9,D
43.521,-5.736,311.5,1.1,1.1,2019-09-28,1110,Terra,MODIS,57,6.0NRT,299.8,8.2,D
43.543,-5.832,310.2,1.1,1.1,2019-09-28,1110,Terra,MODIS,69,6.0NRT,297.5,8.7,D
36.13,-5.813,322.1,1,1,2019-09-28,1110,Terra,MODIS,50,6.0NRT,310.4,7.6,D
37.583,-5.533,326.7,1,1,2019-09-28,1110,Terra,MODIS,72,6.0NRT,311,11.3,D
38.975,-5.897,319,1.1,1,2019-09-28,1110,Terra,MODIS,43,6.0NRT,306.6,6.8,D
42.244,-4.119,322.8,1,1,2019-09-28,1110,Terra,MODIS,78,6.0NRT,301.7,13.9,D
43.538,-5.834,314.9,2.1,1.4,2019-09-28,1250,Aqua,MODIS,75,6.0NRT,295.1,31.4,D
43.539,-5.842,310.4,2.1,1.4,2019-09-28,1250,Aqua,MODIS,70,6.0NRT,295.2,21.7,D
42.239,-4.114,318.1,1.8,1.3,2019-09-28,1250,Aqua,MODIS,70,6.0NRT,303.4,20.5,D
37.837,-7.144,301.4,1,1,2019-09-29,0230,Aqua,MODIS,41,6.0NRT,290.2,5.3,N
42.252,-4.11,301.4,1.1,1,2019-09-29,0230,Aqua,MODIS,40,6.0NRT,280.1,8.3,N
27.707,-18.143,316.9,1,1,2019-09-29,1155,Terra,MODIS,67,6.0NRT,304.2,12.6,D
27.705,-18.133,312.9,1,1,2019-09-29,1155,Terra,MODIS,50,6.0NRT,301.7,8.9,D
41.307,-6.635,324.6,1,1,2019-09-29,1335,Aqua,MODIS,75,6.0NRT,306,12.9,D
41.298,-6.632,365.1,1,1,2019-09-29,1335,Aqua,MODIS,100,6.0NRT,307.3,92.3,D
41.299,-6.621,323,1,1,2019-09-29,1335,Aqua,MODIS,71,6.0NRT,303.8,10.9,D
43.539,-5.83,309.3,1.6,1.2,2019-09-30,1055,Terra,MODIS,60,6.0NRT,295.4,9.5,D
36.931,-5.947,321.5,1.3,1.1,2019-09-30,1100,Terra,MODIS,59,6.0NRT,309.3,8.2,D
41.489,2.11,314.3,1.3,1.1,2019-09-30,1240,Aqua,MODIS,61,6.0NRT,300.8,8.1,D
43.107,-6.489,303.2,1.3,1.1,2019-09-30,2205,Terra,MODIS,54,6.0NRT,282.7,12.2,N
43.11,-6.473,319.5,1.3,1.1,2019-09-30,2205,Terra,MODIS,99,6.0NRT,285.1,30.5,N
41.183,1.24,304.2,1.4,1.2,2019-10-01,0215,Aqua,MODIS,59,6.0NRT,289,11,N
43.54,-5.826,301.7,1.1,1.1,2019-10-01,0215,Aqua,MODIS,44,6.0NRT,287.9,7.4,N
37.435,-6.457,320,1.6,1.2,2019-10-01,1140,Terra,MODIS,67,6.0NRT,306.9,13.7,D
37.611,-5.369,321.2,1.9,1.3,2019-10-01,1140,Terra,MODIS,73,6.0NRT,306.1,20.9,D
38.959,-6.054,308.6,1.6,1.2,2019-10-01,1140,Terra,MODIS,46,6.0NRT,283.6,12.9,D
36.949,-5.676,320.6,1.8,1.3,2019-10-01,1140,Terra,MODIS,69,6.0NRT,307.9,17.4,D
43.535,-5.838,309.6,1,1,2019-10-01,1320,Aqua,MODIS,67,6.0NRT,296.9,6.6,D
43.537,-5.826,305.4,1,1,2019-10-01,1320,Aqua,MODIS,51,6.0NRT,294.8,4,D
43.524,-5.733,313.3,1,1,2019-10-01,1320,Aqua,MODIS,72,6.0NRT,298.8,8.2,D
43.103,-6.478,317.3,1,1,2019-10-01,1320,Aqua,MODIS,77,6.0NRT,294.6,14.7,D
37.608,-5.378,343.4,1.1,1,2019-10-01,1320,Aqua,MODIS,91,6.0NRT,311.7,39.8,D
37.599,-5.375,327.4,1.1,1,2019-10-01,1320,Aqua,MODIS,78,6.0NRT,310.7,13,D
37.601,-5.363,337.4,1.1,1,2019-10-01,1320,Aqua,MODIS,87,6.0NRT,311.1,27.8,D
37.231,-5.881,329.4,1.1,1.1,2019-10-01,1320,Aqua,MODIS,78,6.0NRT,309.8,16,D
37.221,-5.879,336.4,1.1,1.1,2019-10-01,1320,Aqua,MODIS,81,6.0NRT,310.2,27,D
37.163,-6.168,319.2,1.2,1.1,2019-10-01,1320,Aqua,MODIS,57,6.0NRT,301.9,12.8,D
37.083,-5.745,320.8,1.1,1.1,2019-10-01,1320,Aqua,MODIS,63,6.0NRT,307.1,6.7,D
37.069,-5.618,323.6,1.1,1.1,2019-10-01,1320,Aqua,MODIS,69,6.0NRT,311.4,8.4,D
36.456,-5.275,306.8,1.5,1.2,2019-10-01,2245,Terra,MODIS,69,6.0NRT,292.4,13.6,N
42.584,2.945,310.6,1,1,2019-10-02,1045,Terra,MODIS,41,6.0NRT,293,7.9,D
38.298,-1.312,318.5,1.2,1.1,2019-10-02,1045,Terra,MODIS,71,6.0NRT,300.7,13.9,D
42.582,2.957,327.2,1,1,2019-10-02,1045,Terra,MODIS,80,6.0NRT,292.8,23.5,D
39.121,-5.803,312.4,1.1,1.1,2019-10-03,1130,Terra,MODIS,21,6.0NRT,299.5,5.6,D
43.526,-5.732,323.2,1,1,2019-10-03,1130,Terra,MODIS,82,6.0NRT,300.1,17.3,D
43.308,-3.284,302,1.2,1.1,2019-10-03,1130,Terra,MODIS,50,6.0NRT,290.5,5.7,D
43.311,-3.299,303.9,1.2,1.1,2019-10-03,1130,Terra,MODIS,58,6.0NRT,291.3,7.2,D
37.075,-6.041,319.6,1.2,1.1,2019-10-03,1130,Terra,MODIS,69,6.0NRT,298.5,16.6,D
37.077,-6.055,314.4,1.2,1.1,2019-10-03,1130,Terra,MODIS,55,6.0NRT,296.9,10.8,D
38.971,-5.899,316.2,1.1,1.1,2019-10-03,1130,Terra,MODIS,58,6.0NRT,300.3,8.6,D
38.976,-5.904,318.5,1.1,1.1,2019-10-03,1130,Terra,MODIS,63,6.0NRT,300.1,10.6,D
39.069,-5.791,312.3,1.1,1.1,2019-10-03,1130,Terra,MODIS,30,6.0NRT,295.3,6.8,D
43.538,-5.836,308.7,1.2,1.1,2019-10-03,1310,Aqua,MODIS,55,6.0NRT,295.3,6.8,D
43.525,-5.74,314.7,1.2,1.1,2019-10-03,1310,Aqua,MODIS,69,6.0NRT,297.7,11.6,D
43.302,-3.296,307,1,1,2019-10-03,1310,Aqua,MODIS,64,6.0NRT,291.9,7.2,D
40.383,-3.482,315.1,1.1,1,2019-10-03,1310,Aqua,MODIS,48,6.0NRT,304,6.6,D
39.702,-7.378,317.7,1.3,1.1,2019-10-04,1350,Aqua,MODIS,60,6.0NRT,304.3,7.6,D
42.215,-1.716,312.5,1.1,1.1,2019-10-05,1115,Terra,MODIS,61,6.0NRT,298.4,8.3,D
37.066,-5.248,321.1,1,1,2019-10-05,1115,Terra,MODIS,54,6.0NRT,302.5,11,D
37.503,-5.804,328.9,1,1,2019-10-05,1115,Terra,MODIS,79,6.0NRT,306.7,18,D
41.649,-5.678,317.5,1,1,2019-10-05,1115,Terra,MODIS,68,6.0NRT,302.7,7.5,D
37.066,-5.97,313.7,1,1,2019-10-05,1115,Terra,MODIS,56,6.0NRT,287.6,9.7,D
35.747,-5.375,320,2.5,1.5,2019-10-05,1255,Aqua,MODIS,54,6.0NRT,299.5,40.8,D
35.754,-5.371,317.8,2.5,1.5,2019-10-05,1255,Aqua,MODIS,40,6.0NRT,298.2,29.4,D
41.92,0.175,314.4,1,1,2019-10-05,1255,Aqua,MODIS,64,6.0NRT,302.3,6.5,D
42.468,-3.528,313.9,1.3,1.1,2019-10-06,0235,Aqua,MODIS,88,6.0NRT,282.5,22.4,N
36.76,-3.65,319.9,3.6,1.8,2019-10-06,1020,Terra,MODIS,0,6.0NRT,302.3,66.3,D
36.769,-3.64,318.2,3.6,1.8,2019-10-06,1020,Terra,MODIS,60,6.0NRT,303,59.6,D
37.122,-6.104,319.8,1,1,2019-10-06,1340,Aqua,MODIS,34,6.0NRT,301.7,11.6,D
42.24,-5.304,317.8,1.2,1.1,2019-10-06,1340,Aqua,MODIS,73,6.0NRT,302.1,10.5,D
37.12,-6.115,330.7,1,1,2019-10-06,1340,Aqua,MODIS,77,6.0NRT,302.5,25,D
37.125,-5.936,322.8,1.1,1,2019-10-06,1340,Aqua,MODIS,62,6.0NRT,312.1,6.8,D
35.746,-5.374,319.9,1.1,1,2019-10-06,1340,Aqua,MODIS,72,6.0NRT,305.2,8.5,D
43.194,-6.631,312.5,3.9,1.8,2019-10-07,0140,Aqua,MODIS,85,6.0NRT,281.2,108,N
43.188,-6.634,312.2,3.9,1.8,2019-10-07,0140,Aqua,MODIS,84,6.0NRT,281.6,106.9,N
37.592,-5.086,321.3,1.1,1,2019-10-07,1105,Terra,MODIS,67,6.0NRT,307.6,7.5,D
37.962,-1.454,319.8,1,1,2019-10-07,1105,Terra,MODIS,68,6.0NRT,296.4,11.4,D
43.186,-6.645,326.2,1.4,1.2,2019-10-07,1105,Terra,MODIS,83,6.0NRT,298.3,34.5,D
43.538,-5.826,311.2,1.3,1.1,2019-10-07,1105,Terra,MODIS,69,6.0NRT,295.9,11.3,D
38.903,-0.499,314.3,1.1,1,2019-10-07,1105,Terra,MODIS,64,6.0NRT,298.8,7.5,D
36.92,-2.483,315.6,1,1,2019-10-07,1105,Terra,MODIS,54,6.0NRT,301.2,5.8,D
37.588,-5.077,319.9,3.4,1.7,2019-10-07,1245,Aqua,MODIS,70,6.0NRT,303.9,40.1,D
39.066,-5.694,330.5,1,1,2019-10-08,1325,Aqua,MODIS,76,6.0NRT,307.7,19,D
39.091,-5.778,330.3,1,1,2019-10-08,1325,Aqua,MODIS,76,6.0NRT,306.7,18.7,D
37.177,-6.13,326,1,1,2019-10-08,1325,Aqua,MODIS,64,6.0NRT,302,17.7,D
37.14,-6.186,319.5,1,1,2019-10-08,1325,Aqua,MODIS,21,6.0NRT,301.4,10.2,D
37.054,-6.147,320.2,1,1,2019-10-08,1325,Aqua,MODIS,49,6.0NRT,301.9,11,D
37.013,-5.752,336.6,1,1,2019-10-08,1325,Aqua,MODIS,73,6.0NRT,309.4,21.9,D
43.254,-3.415,303,1.1,1.1,2019-10-08,1330,Aqua,MODIS,34,6.0NRT,291.3,3.5,D
39.103,-5.8,313.3,1.7,1.3,2019-10-09,1050,Terra,MODIS,31,6.0NRT,299.3,9.9,D
38.421,-1.547,313.6,1.1,1,2019-10-09,1050,Terra,MODIS,50,6.0NRT,298.6,6.3,D
38.955,-6.035,314.7,1.7,1.3,2019-10-09,1050,Terra,MODIS,48,6.0NRT,300.8,11,D
38.951,-6.03,314.5,1.7,1.3,2019-10-09,1050,Terra,MODIS,41,6.0NRT,299.9,9.9,D
36.094,-5.542,323.1,2.9,1.6,2019-10-09,1410,Aqua,MODIS,76,6.0NRT,295.5,76.7,D
36.091,-5.533,319.7,2.9,1.6,2019-10-09,1410,Aqua,MODIS,69,6.0NRT,295.2,56.9,D
37.348,-5.736,324.3,1.5,1.2,2019-10-10,1135,Terra,MODIS,73,6.0NRT,309.1,13.4,D
37.071,-6.101,326.3,1.4,1.2,2019-10-10,1135,Terra,MODIS,0,6.0NRT,298.7,28.8,D
37.193,-6.076,314.6,1.4,1.2,2019-10-10,1135,Terra,MODIS,25,6.0NRT,299.1,10.4,D
37.341,-5.731,324.6,1.5,1.2,2019-10-10,1135,Terra,MODIS,74,6.0NRT,308.4,13.9,D
38.313,-5.581,319.1,1.4,1.2,2019-10-10,1135,Terra,MODIS,61,6.0NRT,305.5,9.6,D
38.827,-6.912,324.3,1.2,1.1,2019-10-10,1135,Terra,MODIS,71,6.0NRT,304.1,15.7,D
39.02,-5.92,321.7,1.3,1.1,2019-10-10,1135,Terra,MODIS,66,6.0NRT,302.5,16.2,D
41.611,0.453,309.4,1.2,1.1,2019-10-10,1315,Aqua,MODIS,47,6.0NRT,296.7,6.3,D
38.946,-6.823,318.1,1.4,1.2,2019-10-10,1315,Aqua,MODIS,40,6.0NRT,305,7.6,D
38.918,-6.825,320.5,1.4,1.2,2019-10-10,1315,Aqua,MODIS,60,6.0NRT,303.8,12.8,D
37.195,-6.043,318.2,1.4,1.2,2019-10-10,1315,Aqua,MODIS,29,6.0NRT,302.1,9.5,D
36.93,-6.176,320.2,1.4,1.2,2019-10-10,1315,Aqua,MODIS,56,6.0NRT,306.6,9.7,D
36.963,-3.089,333.6,1,1,2019-10-10,1315,Aqua,MODIS,85,6.0NRT,303.9,26.5,D
41.964,-6.985,311.3,3.3,1.7,2019-10-11,1040,Terra,MODIS,62,6.0NRT,295.3,42.4,D
41.968,-6.991,312.6,3.3,1.7,2019-10-11,1040,Terra,MODIS,64,6.0NRT,295,49.9,D
41.985,-7.008,307.1,3.9,1.8,2019-10-11,1215,Terra,MODIS,58,6.0NRT,293.6,37,D
41.973,-6.964,320.8,3.9,1.8,2019-10-11,1215,Terra,MODIS,79,6.0NRT,294,118.2,D
41.978,-6.955,316.5,3.9,1.8,2019-10-11,1215,Terra,MODIS,75,6.0NRT,293.2,88.9,D
41.99,-6.999,311.4,3.9,1.8,2019-10-11,1215,Terra,MODIS,69,6.0NRT,293.5,57.9,D
41.973,-6.981,311.5,1.8,1.3,2019-10-11,1400,Aqua,MODIS,60,6.0NRT,298.4,13.5,D
41.977,-6.974,310.4,1.8,1.3,2019-10-11,1400,Aqua,MODIS,49,6.0NRT,297.6,10.7,D
39.099,-5.724,322.4,1.9,1.4,2019-10-11,1400,Aqua,MODIS,52,6.0NRT,297.4,38.8,D
41.846,-6.904,313.7,1.8,1.3,2019-10-11,1400,Aqua,MODIS,64,6.0NRT,300.6,16.4,D
39.127,-1.985,301,1.1,1,2019-10-12,0200,Aqua,MODIS,37,6.0NRT,282.9,7.9,N
42.657,-6.718,323.3,1,1,2019-10-12,1120,Terra,MODIS,81,6.0NRT,295,17.5,D
43.522,-5.729,309.6,1,1,2019-10-12,1120,Terra,MODIS,58,6.0NRT,296.5,5.2,D
42.907,-4.561,302.3,1,1,2019-10-12,1120,Terra,MODIS,31,6.0NRT,291.4,2.8,D
42.169,-7.053,311.9,1,1,2019-10-12,1120,Terra,MODIS,68,6.0NRT,289.9,8.9,D
41.983,-6.975,310.6,1,1,2019-10-12,1120,Terra,MODIS,63,6.0NRT,294.7,6.5,D
39.076,-5.915,324.3,1,1,2019-10-12,1125,Terra,MODIS,77,6.0NRT,294.4,16.6,D
37.078,-6.061,311.6,1.1,1,2019-10-12,1125,Terra,MODIS,36,6.0NRT,296.1,5.5,D
35.804,-5.482,313.9,1.1,1.1,2019-10-12,1125,Terra,MODIS,60,6.0NRT,296,10,D
35.806,-5.494,310.8,1.1,1.1,2019-10-12,1125,Terra,MODIS,43,6.0NRT,296.5,6.7,D
42.022,-6.323,321.3,1.6,1.3,2019-10-12,1305,Aqua,MODIS,77,6.0NRT,298.3,28.3,D
42.656,-6.735,336.7,1.6,1.3,2019-10-12,1305,Aqua,MODIS,90,6.0NRT,296.9,72.8,D
42.66,-6.716,369.9,1.6,1.3,2019-10-12,1305,Aqua,MODIS,100,6.0NRT,296.8,233.9,D
42.645,-6.732,332.6,1.6,1.3,2019-10-12,1305,Aqua,MODIS,88,6.0NRT,298.1,59.3,D
42.649,-6.712,363.2,1.6,1.3,2019-10-12,1305,Aqua,MODIS,100,6.0NRT,300.3,189.6,D
42.021,-6.33,310.8,1.6,1.3,2019-10-12,1305,Aqua,MODIS,62,6.0NRT,297.8,11.2,D
42.025,-6.311,327.2,1.6,1.3,2019-10-12,1305,Aqua,MODIS,83,6.0NRT,298,42.3,D
42.025,-6.304,319,1.6,1.3,2019-10-12,1305,Aqua,MODIS,75,6.0NRT,297.2,23.5,D
41.937,-4.479,306.3,1.1,1.1,2019-10-12,2230,Terra,MODIS,67,6.0NRT,286.9,10.9,N
42.281,-6.718,314.2,1,1,2019-10-12,2230,Terra,MODIS,89,6.0NRT,284.8,16.2,N
43.064,-3.949,318.5,1.2,1.1,2019-10-12,2230,Terra,MODIS,97,6.0NRT,285.5,25,N
43.062,-3.963,330,1.2,1.1,2019-10-12,2230,Terra,MODIS,100,6.0NRT,285.6,41.9,N
43.089,-6.457,310.8,1,1,2019-10-12,2230,Terra,MODIS,81,6.0NRT,287.8,12.3,N
43.14,-6.553,320.7,1,1,2019-10-12,2230,Terra,MODIS,100,6.0NRT,289,20.3,N
43.139,-6.565,316.8,1,1,2019-10-12,2230,Terra,MODIS,94,6.0NRT,288.6,16.5,N
43.293,-6.577,312.6,1,1,2019-10-12,2230,Terra,MODIS,85,6.0NRT,285.3,14.5,N
43.292,-6.59,318.1,1,1,2019-10-12,2230,Terra,MODIS,96,6.0NRT,286.4,19.2,N
43.305,-6.632,319.1,1,1,2019-10-12,2230,Terra,MODIS,98,6.0NRT,285.6,19.8,N
43.303,-6.645,306.3,1,1,2019-10-12,2230,Terra,MODIS,67,6.0NRT,284.7,9.4,N
43.31,-6.628,302.1,1.1,1,2019-10-13,0240,Aqua,MODIS,47,6.0NRT,272,9.6,N
43.068,-3.935,309.7,1.8,1.3,2019-10-13,1345,Aqua,MODIS,64,6.0NRT,289.7,19,D
43.061,-3.95,326,1.8,1.3,2019-10-13,1345,Aqua,MODIS,83,6.0NRT,292.9,53.2,D
42.846,0.653,303.4,3.4,1.7,2019-10-13,1345,Aqua,MODIS,31,6.0NRT,291.7,19.5,D
39.011,-5.953,320.4,1.3,1.1,2019-10-13,1345,Aqua,MODIS,68,6.0NRT,302.9,12.3,D
38.917,-6.436,324.2,1.2,1.1,2019-10-13,1345,Aqua,MODIS,70,6.0NRT,303.1,15.5,D
43.066,-3.957,317.9,1.8,1.3,2019-10-13,1345,Aqua,MODIS,76,6.0NRT,291.7,35,D
38.929,-6.031,306.1,1.1,1,2019-10-14,1110,Terra,MODIS,50,6.0NRT,290.1,5.5,D
37.256,-7.198,308.9,1.3,1.1,2019-10-14,2215,Terra,MODIS,76,6.0NRT,286.3,16.8,N
37.561,-7.235,315.3,1,1,2019-10-15,1335,Aqua,MODIS,70,6.0NRT,301.2,6.9,D
37.204,-6.22,311.8,1,1,2019-10-15,1335,Aqua,MODIS,62,6.0NRT,294.9,6,D
37.085,-6.209,304.4,1,1,2019-10-15,1335,Aqua,MODIS,12,6.0NRT,287.1,3.9,D
37.057,-6.151,303.2,1,1,2019-10-15,1335,Aqua,MODIS,34,6.0NRT,284.7,4.1,D
37.051,-6.001,310.6,1,1,2019-10-15,1335,Aqua,MODIS,68,6.0NRT,284.4,9.9,D
37.236,-3.75,328.6,1.1,1,2019-10-15,1335,Aqua,MODIS,84,6.0NRT,298.8,23.4,D
37.226,-3.76,322.9,1.1,1,2019-10-15,1335,Aqua,MODIS,80,6.0NRT,297.5,17.2,D
37.227,-3.748,317.1,1.1,1,2019-10-15,1335,Aqua,MODIS,72,6.0NRT,298.7,10.2,D
39.125,-0.263,313.4,1,1,2019-10-16,1100,Terra,MODIS,61,6.0NRT,297.4,8.1,D
39.242,-0.364,317.5,1,1,2019-10-16,1100,Terra,MODIS,69,6.0NRT,295.9,10.3,D
39.267,-0.346,316.4,1,1,2019-10-16,1100,Terra,MODIS,48,6.0NRT,295.9,9.4,D
39.269,-0.357,328,1,1,2019-10-16,1100,Terra,MODIS,84,6.0NRT,296.7,21.2,D
39.278,-0.355,323.5,1,1,2019-10-16,1100,Terra,MODIS,81,6.0NRT,296,16.8,D
39.303,-0.337,316.8,1,1,2019-10-16,1100,Terra,MODIS,75,6.0NRT,294.6,12.5,D
39.998,-0.1,319.6,1,1,2019-10-16,1100,Terra,MODIS,79,6.0NRT,298.1,12.5,D
40.007,-0.098,313.2,1,1,2019-10-16,1100,Terra,MODIS,65,6.0NRT,298.2,7,D
41.275,1.216,310.9,1,1,2019-10-16,1100,Terra,MODIS,70,6.0NRT,296.8,6.2,D
41.484,0.356,307.6,1,1,2019-10-16,1100,Terra,MODIS,64,6.0NRT,292.3,5.8,D
41.467,0.524,318.3,1,1,2019-10-16,1100,Terra,MODIS,77,6.0NRT,291.4,12.9,D
41.469,0.512,316.7,1,1,2019-10-16,1100,Terra,MODIS,69,6.0NRT,290.5,11.8,D
41.482,0.429,309.4,1,1,2019-10-16,1100,Terra,MODIS,67,6.0NRT,292.9,7.3,D
41.476,0.527,319.9,1,1,2019-10-16,1100,Terra,MODIS,63,6.0NRT,292,14.1,D
41.525,0.509,305.6,1,1,2019-10-16,1100,Terra,MODIS,39,6.0NRT,291.9,4.1,D
41.53,0.535,307.5,1,1,2019-10-16,1100,Terra,MODIS,55,6.0NRT,291.2,5.6,D
41.535,0.561,304.1,1,1,2019-10-16,1100,Terra,MODIS,39,6.0NRT,290.9,3.8,D
41.374,1.745,306.6,1.1,1,2019-10-16,1100,Terra,MODIS,61,6.0NRT,293.3,4.8,D
36.933,-5.726,315.8,1.3,1.1,2019-10-16,1100,Terra,MODIS,67,6.0NRT,303.4,8.6,D
37.137,-6.079,311.8,1.4,1.2,2019-10-16,1100,Terra,MODIS,0,6.0NRT,292.5,13.9,D
37.452,-6.302,318.2,1.4,1.2,2019-10-16,1100,Terra,MODIS,71,6.0NRT,303.2,12.5,D
37.2,-3.806,315.8,1.1,1,2019-10-16,1100,Terra,MODIS,69,6.0NRT,297.3,11.4,D
37.202,-3.818,338.4,1.1,1,2019-10-16,1100,Terra,MODIS,89,6.0NRT,298.6,41.8,D
37.602,-5.81,313.3,1.3,1.1,2019-10-16,1100,Terra,MODIS,52,6.0NRT,298.5,10.2,D
37.94,-4.005,321.5,1.1,1.1,2019-10-16,1100,Terra,MODIS,77,6.0NRT,300.5,15.8,D
39.123,-0.251,311.7,1,1,2019-10-16,1100,Terra,MODIS,48,6.0NRT,296.9,6,D
39.126,-0.274,310.2,1,1,2019-10-16,1100,Terra,MODIS,39,6.0NRT,297.6,5.6,D
39.232,-0.361,319.5,1,1,2019-10-16,1100,Terra,MODIS,73,6.0NRT,296,14.4,D
39.234,-0.373,307,1,1,2019-10-16,1100,Terra,MODIS,32,6.0NRT,295.9,4.2,D
39.151,-0.305,310.9,1.9,1.4,2019-10-16,1240,Aqua,MODIS,54,6.0NRT,297.2,16.8,D
39.143,-0.279,312,1.9,1.4,2019-10-16,1240,Aqua,MODIS,57,6.0NRT,297.8,17.8,D
37.071,-6.141,307.6,1.7,1.3,2019-10-17,1140,Terra,MODIS,16,6.0NRT,291.7,9.8,D
36.909,-6.145,315.9,1.7,1.3,2019-10-17,1140,Terra,MODIS,71,6.0NRT,299.6,15.6,D
37.218,-6.049,311.9,1.7,1.3,2019-10-17,1140,Terra,MODIS,34,6.0NRT,295.6,13.7,D
39.166,-0.332,312.2,1.2,1.1,2019-10-17,1320,Aqua,MODIS,66,6.0NRT,297.6,7.6,D
43.524,-5.738,306.4,1,1,2019-10-17,1320,Aqua,MODIS,48,6.0NRT,293.4,5.5,D
41.499,0.535,301,1.1,1,2019-10-18,1045,Terra,MODIS,37,6.0NRT,278.8,4.9,D
37.898,-7.396,325.5,1.8,1.3,2019-10-18,1405,Aqua,MODIS,76,6.0NRT,289.2,45.9,D
36.352,-5.266,380,2.4,1.5,2019-10-18,2150,Terra,MODIS,100,6.0NRT,294.2,556.8,N
36.355,-5.3,300.6,2.4,1.5,2019-10-18,2150,Terra,MODIS,6,6.0NRT,289.3,13.9,N
36.347,-5.292,376.4,2.4,1.5,2019-10-18,2150,Terra,MODIS,100,6.0NRT,293.9,509.5,N
36.341,-5.32,302.8,2.4,1.5,2019-10-18,2150,Terra,MODIS,44,6.0NRT,289.5,18.8,N
36.347,-5.269,384,2.4,1.5,2019-10-18,2150,Terra,MODIS,100,6.0NRT,296.6,617.9,N
36.341,-5.296,351.5,2.4,1.5,2019-10-18,2150,Terra,MODIS,100,6.0NRT,292.3,236.9,N
36.339,-5.262,303,2.4,1.5,2019-10-18,2150,Terra,MODIS,33,6.0NRT,290.2,18,N
36.348,-5.273,300.6,1.2,1.1,2019-10-19,0205,Aqua,MODIS,31,6.0NRT,289.7,6.6,N
